00370_940422_fa , 0.0 , 1.27272727273 , -0.181818181818 , 0.454545454545 , -2.27272727273
00028_940128_fa , -1.18181818182 , -0.818181818182 , -1.27272727273 , 1.0 , -0.727272727273
00150_940128_fa_a , 0.272727272727 , 1.90909090909 , -2.36363636364 , 1.27272727273 , 1.18181818182
00491_940519_fa , 1.0 , 0.181818181818 , 2.0 , 1.18181818182 , -0.454545454545
00186_940128_fa_a , 0.0 , 2.63636363636 , -1.36363636364 , -1.09090909091 , -0.727272727273
00806_941205_fa , 1.27272727273 , 2.0 , 0.636363636364 , 1.36363636364 , -2.45454545455
00183_940128_fa , -0.454545454545 , 1.90909090909 , -1.27272727273 , 0.363636363636 , -0.909090909091
00506_940519_fa , 1.81818181818 , 1.90909090909 , 1.18181818182 , 1.45454545455 , -0.181818181818
00438_940422_fa , -0.454545454545 , -0.181818181818 , -2.0 , 0.0 , 1.18181818182
00305_940422_fa , 0.545454545455 , 1.72727272727 , 0.181818181818 , 0.909090909091 , -0.727272727273
00399_940422_fa , 0.727272727273 , 0.272727272727 , -0.272727272727 , 1.81818181818 , 1.54545454545
00335_940422_fa , 0.0 , -0.272727272727 , -1.27272727273 , -1.27272727273 , 1.0
00286_940422_fa , 0.181818181818 , -0.0909090909091 , 0.636363636364 , 1.36363636364 , -0.272727272727
00290_940422_fa , 1.54545454545 , -0.0909090909091 , -1.63636363636 , 0.181818181818 , 0.636363636364
01001_960627_fa , 0.545454545455 , 1.27272727273 , -0.818181818182 , 0.454545454545 , -0.545454545455
00262_940128_fa , 1.27272727273 , 1.54545454545 , 0.363636363636 , 1.81818181818 , -1.09090909091
00532_960627_fa , 1.54545454545 , 1.63636363636 , -0.181818181818 , 0.0 , -0.454545454545
00291_940422_fa , 0.181818181818 , 1.63636363636 , -2.27272727273 , -1.09090909091 , 1.09090909091
00320_940422_fa , 0.181818181818 , 0.636363636364 , 1.90909090909 , 1.54545454545 , -1.45454545455
00521_940519_fa , -1.18181818182 , 0.363636363636 , 0.272727272727 , -0.181818181818 , -0.545454545455
00276_940422_fa , 0.0909090909091 , 0.909090909091 , -0.818181818182 , -1.09090909091 , -0.272727272727
00661_941121_fa , -1.0 , -0.909090909091 , -1.72727272727 , -2.81818181818 , 0.0
00538_940519_fa , 0.0909090909091 , 1.36363636364 , -1.36363636364 , -0.727272727273 , 0.909090909091
00835_940307_fa , -1.36363636364 , -1.81818181818 , -0.272727272727 , -0.363636363636 , 0.181818181818
00367_940422_fa , -0.0909090909091 , -0.0909090909091 , 2.0 , 2.18181818182 , -1.63636363636
00684_941121_fa , -0.727272727273 , -0.454545454545 , 1.81818181818 , -1.0 , -0.454545454545
00474_940519_fa , -0.909090909091 , 2.72727272727 , -0.636363636364 , -0.0909090909091 , -1.45454545455
00679_941121_fa , -0.272727272727 , 1.18181818182 , -0.0909090909091 , 0.454545454545 , -0.636363636364
00990_960627_fa , -1.0 , 0.909090909091 , -2.27272727273 , -0.454545454545 , 0.454545454545
00296_940422_fa , 1.18181818182 , -0.181818181818 , 0.545454545455 , 1.72727272727 , 0.181818181818
00633_940928_fa , 0.454545454545 , 0.0909090909091 , -2.0 , -0.636363636364 , -0.272727272727
00243_940128_fa , 0.0909090909091 , 1.09090909091 , -2.18181818182 , -1.45454545455 , 1.0
00815_941205_fa , 1.18181818182 , 2.18181818182 , 1.0 , 0.454545454545 , -0.909090909091
00703_941205_fa , 0.0 , 0.363636363636 , -1.81818181818 , -2.63636363636 , 1.36363636364
00442_940422_fa , 2.0 , 1.54545454545 , 2.36363636364 , 2.45454545455 , -1.09090909091
00169_931230_fa_a , 0.545454545455 , 1.54545454545 , -1.54545454545 , 0.545454545455 , 0.0
00765_941201_fa , -0.363636363636 , -1.45454545455 , 2.18181818182 , 1.81818181818 , -0.636363636364
00330_940422_fa , 2.0 , 2.72727272727 , 0.636363636364 , 2.90909090909 , -1.36363636364
00972_960627_fa , -1.63636363636 , 2.72727272727 , -1.54545454545 , -0.545454545455 , -0.363636363636
00767_941201_fa , 1.36363636364 , -1.90909090909 , -0.0909090909091 , 0.272727272727 , -1.09090909091
00242_940128_fa , 1.72727272727 , 2.27272727273 , 0.454545454545 , 2.36363636364 , -1.09090909091
00741_941201_fa , 2.36363636364 , 0.0909090909091 , -0.545454545455 , -0.636363636364 , -0.909090909091
00655_941031_fa , 1.27272727273 , 2.18181818182 , 0.545454545455 , 1.45454545455 , -1.18181818182
00336_940422_fa , 1.09090909091 , -0.272727272727 , 2.72727272727 , 2.09090909091 , -1.81818181818
00763_941205_fa , -1.72727272727 , -0.545454545455 , -0.363636363636 , -0.545454545455 , 0.272727272727
01010_960627_fa , -1.0 , 1.63636363636 , -0.181818181818 , 0.181818181818 , -0.181818181818
00317_940422_fa , 1.27272727273 , 1.72727272727 , 1.18181818182 , 1.63636363636 , -0.181818181818
00469_960620_fa , 1.90909090909 , 1.81818181818 , 0.0909090909091 , 0.909090909091 , -0.545454545455
00999_960627_fa , -0.363636363636 , 2.90909090909 , -0.636363636364 , -0.0909090909091 , -1.81818181818
00308_940422_fa , 2.0 , 2.45454545455 , 2.18181818182 , 3.09090909091 , -2.18181818182
00223_940128_fa , -0.727272727273 , -2.27272727273 , 0.181818181818 , -1.90909090909 , 0.545454545455
00537_940519_fa , 2.63636363636 , 2.72727272727 , 3.0 , 2.63636363636 , -2.0
00219_940128_fa_a , 0.545454545455 , 1.18181818182 , -2.09090909091 , -1.45454545455 , 1.63636363636
00402_940422_fa , 2.36363636364 , 0.272727272727 , 1.45454545455 , 2.27272727273 , -1.81818181818
00449_940422_fa , 1.18181818182 , 1.72727272727 , -0.636363636364 , 0.909090909091 , 0.727272727273
00468_940519_fa , 0.454545454545 , 1.81818181818 , -0.545454545455 , 0.545454545455 , -0.0909090909091
00939_960627_fa , -0.727272727273 , -0.181818181818 , 0.727272727273 , -2.09090909091 , -1.81818181818
00188_940128_fa , 0.636363636364 , 1.27272727273 , 1.45454545455 , 1.18181818182 , -1.36363636364
00311_940422_fa , 1.45454545455 , 2.45454545455 , 0.181818181818 , 0.818181818182 , -1.27272727273
00753_941201_fa , -0.636363636364 , 2.45454545455 , -1.54545454545 , 0.545454545455 , 0.727272727273
00811_960530_fa , -1.09090909091 , 1.18181818182 , -1.72727272727 , 0.272727272727 , 1.27272727273
00879_960620_fa , -0.272727272727 , 0.818181818182 , -0.727272727273 , 0.818181818182 , 1.36363636364
00099_931230_fa_a , 1.63636363636 , 1.90909090909 , 1.36363636364 , 2.72727272727 , -1.90909090909
00201_940128_fa , -0.909090909091 , -1.36363636364 , 0.181818181818 , 1.0 , 0.363636363636
00446_940422_fa , 1.81818181818 , 1.36363636364 , 2.09090909091 , 1.90909090909 , -1.90909090909
00450_940422_fa , 2.0 , 1.18181818182 , 2.54545454545 , 1.27272727273 , -2.0
00858_940307_fa , 0.727272727273 , 0.0 , -0.0909090909091 , -1.09090909091 , -0.272727272727
00548_940519_fa , 1.18181818182 , 1.45454545455 , 0.0 , 0.454545454545 , -1.27272727273
00838_940307_fa , 0.363636363636 , 0.727272727273 , 1.54545454545 , 1.36363636364 , -1.54545454545
00304_940422_fa , 0.0909090909091 , -1.18181818182 , -1.54545454545 , 0.0909090909091 , 0.909090909091
00824_940307_fa , 2.72727272727 , 1.81818181818 , 2.36363636364 , 2.63636363636 , -1.27272727273
00346_940422_fa , 2.0 , 1.90909090909 , 2.72727272727 , 3.0 , -1.63636363636
01004_960627_fa , -0.727272727273 , -0.545454545455 , 1.18181818182 , 1.0 , -1.45454545455
00934_960627_fa , 0.545454545455 , 2.0 , 1.90909090909 , 1.54545454545 , -1.0
00709_941201_fa , 0.363636363636 , 2.0 , 0.818181818182 , 0.0909090909091 , 0.0
00202_940128_fa , 1.36363636364 , 0.909090909091 , 1.09090909091 , 2.81818181818 , 0.454545454545
00607_940928_fa , -0.181818181818 , -0.0909090909091 , -0.272727272727 , 0.454545454545 , 1.0
00326_940422_fa , 1.72727272727 , 2.09090909091 , 3.27272727273 , 2.36363636364 , -1.18181818182
00983_960627_fa , -0.181818181818 , 0.545454545455 , 1.0 , 2.18181818182 , -1.72727272727
00516_940519_fa , 0.909090909091 , 1.27272727273 , 0.545454545455 , 2.09090909091 , -1.72727272727
00853_940307_fa , -0.181818181818 , -1.18181818182 , -1.09090909091 , -1.27272727273 , 0.909090909091
00626_940928_fa , -0.818181818182 , -1.72727272727 , 0.181818181818 , -0.636363636364 , -0.545454545455
00380_940422_fa , 0.909090909091 , 0.818181818182 , 1.90909090909 , 2.09090909091 , -1.27272727273
00420_940422_fa , -0.363636363636 , 1.54545454545 , -1.72727272727 , -1.18181818182 , 0.363636363636
00371_940422_fa , 1.09090909091 , 1.81818181818 , 1.72727272727 , 2.18181818182 , -2.09090909091
00619_940928_fa , -0.181818181818 , 1.09090909091 , -0.909090909091 , 1.63636363636 , -0.363636363636
00932_960627_fa , 0.181818181818 , 1.27272727273 , 0.636363636364 , 0.636363636364 , -1.0
00685_941121_fa , 0.636363636364 , -0.818181818182 , 0.0909090909091 , -0.363636363636 , -0.727272727273
00455_940422_fa , 1.90909090909 , 2.81818181818 , -1.54545454545 , -0.363636363636 , 0.0909090909091
00288_940422_fa , 1.81818181818 , 2.81818181818 , 0.363636363636 , 1.09090909091 , -1.45454545455
00300_940422_fa , 0.636363636364 , -0.272727272727 , 2.18181818182 , 1.09090909091 , -1.36363636364
00701_941201_fa , -0.818181818182 , 2.09090909091 , -2.0 , -0.818181818182 , -0.0909090909091
00615_941031_fa , -0.545454545455 , -0.272727272727 , -0.727272727273 , -1.18181818182 , -1.27272727273
00967_960627_fa , 1.09090909091 , 1.54545454545 , 1.90909090909 , 0.818181818182 , -1.27272727273
01012_960627_fa , -0.818181818182 , 0.818181818182 , -0.0909090909091 , -0.0909090909091 , -0.727272727273
00883_960530_fa , 0.181818181818 , 1.81818181818 , 0.181818181818 , 1.63636363636 , 0.727272727273
00453_940422_fa , -1.45454545455 , -0.636363636364 , -1.45454545455 , -1.18181818182 , -1.63636363636
00213_940128_fa , -0.181818181818 , 1.90909090909 , 2.09090909091 , 1.0 , -1.90909090909
00315_940422_fa , 1.36363636364 , 1.54545454545 , 1.63636363636 , 2.36363636364 , -1.09090909091
00331_940422_fa , -0.909090909091 , -1.0 , -0.363636363636 , -1.18181818182 , -0.272727272727
00961_960627_fa , 1.72727272727 , 3.18181818182 , 0.363636363636 , 2.0 , -1.81818181818
00863_940307_fa , -0.272727272727 , -1.0 , -1.63636363636 , -2.45454545455 , 1.0
00514_940519_fa , -1.45454545455 , 2.09090909091 , -1.72727272727 , -0.545454545455 , 1.45454545455
00350_940422_fa , 1.45454545455 , 1.27272727273 , 0.909090909091 , 1.27272727273 , 0.636363636364
00434_940422_fa , 1.36363636364 , 1.36363636364 , 2.18181818182 , 1.18181818182 , -1.72727272727
00721_941205_fa , -0.636363636364 , 0.181818181818 , -2.18181818182 , -0.909090909091 , -0.0909090909091
00660_941121_fa , 0.0909090909091 , 1.90909090909 , -2.18181818182 , -0.636363636364 , 0.636363636364
00437_940422_fa , 2.09090909091 , 2.18181818182 , 0.545454545455 , 1.54545454545 , -0.363636363636
00784_941205_fa , 0.454545454545 , 1.90909090909 , -0.818181818182 , 0.818181818182 , -0.727272727273
00602_940928_fa , 1.54545454545 , 2.90909090909 , 0.454545454545 , 2.0 , -0.818181818182
00337_940422_fa , 0.454545454545 , 1.90909090909 , 3.0 , 2.18181818182 , -2.0
00541_940519_fa , 1.81818181818 , 3.0 , 2.72727272727 , 2.54545454545 , -1.45454545455
00519_960627_fa , 0.181818181818 , 1.90909090909 , 0.363636363636 , -0.636363636364 , -0.818181818182
00499_940519_fa , -0.272727272727 , 1.0 , 0.454545454545 , 0.818181818182 , -1.72727272727
00911_960530_fa , -0.0909090909091 , 2.27272727273 , 0.181818181818 , 1.27272727273 , -1.18181818182
00460_940422_fa , -1.54545454545 , 0.636363636364 , -0.636363636364 , -0.818181818182 , -0.636363636364
00870_940307_fa , 0.454545454545 , 1.27272727273 , 2.18181818182 , 1.72727272727 , -2.27272727273
00907_960530_fa , 0.2 , 1.6 , -0.5 , 0.3 , -1.5
00875_940307_fa , 0.727272727273 , 0.0 , 0.363636363636 , 1.36363636364 , -0.818181818182
00287_940422_fa , -1.09090909091 , 1.0 , 0.363636363636 , -0.272727272727 , -1.45454545455
00408_940422_fa , 1.81818181818 , 1.81818181818 , 2.81818181818 , 2.18181818182 , -2.0
00872_940307_fa , 1.63636363636 , 2.09090909091 , 2.0 , 2.54545454545 , -2.09090909091
00823_940307_fa , 2.36363636364 , 2.54545454545 , -0.181818181818 , 0.545454545455 , -1.81818181818
00848_940307_fa , 2.4 , 0.1 , 2.4 , 0.7 , -2.2
00458_940422_fa , 2.54545454545 , 2.09090909091 , 1.18181818182 , 2.27272727273 , -1.0
00670_941121_fa , 1.81818181818 , 1.45454545455 , 0.545454545455 , 0.545454545455 , -1.45454545455
00658_941121_fa , -0.727272727273 , 0.0 , -2.0 , -1.0 , 0.727272727273
00529_940519_fa , 0.636363636364 , 0.636363636364 , 1.09090909091 , 1.54545454545 , -0.727272727273
00447_940422_fa , 1.72727272727 , 2.09090909091 , 2.54545454545 , 2.90909090909 , -1.45454545455
00405_940422_fa , -1.0 , -0.545454545455 , -0.454545454545 , -1.0 , 0.0
00598_940928_fa , 1.54545454545 , 1.72727272727 , 1.63636363636 , 2.81818181818 , -1.63636363636
00920_960627_fa , 0.636363636364 , 2.18181818182 , 0.727272727273 , 1.36363636364 , 1.63636363636
00510_940519_fa , 2.09090909091 , 2.45454545455 , 2.54545454545 , 2.45454545455 , -1.72727272727
00992_960627_fa , -0.0909090909091 , 1.36363636364 , -1.0 , -1.54545454545 , 1.72727272727
00234_940128_fa , -0.545454545455 , 1.54545454545 , -2.18181818182 , -0.545454545455 , 0.181818181818
01005_960627_fa , 0.363636363636 , 1.63636363636 , 0.545454545455 , 0.818181818182 , 0.454545454545
00707_941205_fa , -0.181818181818 , 1.54545454545 , 0.545454545455 , 1.27272727273 , -2.63636363636
00543_940519_fa , 0.181818181818 , 1.81818181818 , -0.818181818182 , 1.18181818182 , -2.09090909091
00267_940128_fa , 1.09090909091 , 1.18181818182 , 0.727272727273 , 2.54545454545 , -1.54545454545
00884_960530_fa , -0.636363636364 , 2.0 , -1.18181818182 , -0.818181818182 , -0.545454545455
00788_941205_fa , 0.181818181818 , 2.54545454545 , -1.90909090909 , -1.18181818182 , 1.72727272727
00739_941201_fa , 0.0909090909091 , 2.63636363636 , 0.545454545455 , 0.0 , -1.54545454545
00902_960530_fa , -0.272727272727 , -0.363636363636 , 2.90909090909 , 2.18181818182 , -2.54545454545
00471_940519_fa , 0.727272727273 , 2.0 , 2.18181818182 , 2.90909090909 , -2.81818181818
00777_941205_fa , -0.272727272727 , 3.18181818182 , -0.818181818182 , -0.454545454545 , -1.72727272727
00768_941205_fa , 0.363636363636 , 3.0 , 0.181818181818 , 0.727272727273 , -1.90909090909
00443_940422_fa , 1.45454545455 , 1.45454545455 , 2.09090909091 , 2.0 , -1.09090909091
00271_940422_fa , -1.63636363636 , -1.90909090909 , -1.81818181818 , -0.909090909091 , 0.818181818182
00359_940422_fa , -0.363636363636 , -0.272727272727 , -2.0 , -0.818181818182 , 1.72727272727
00731_941201_fa , 0.818181818182 , 0.727272727273 , -1.54545454545 , -0.272727272727 , -0.363636363636
00734_941201_fa , 0.636363636364 , 2.90909090909 , -1.63636363636 , 0.181818181818 , -0.909090909091
00557_940519_fa , 0.0 , 1.36363636364 , 1.45454545455 , 1.72727272727 , -1.18181818182
00686_941121_fa , 0.636363636364 , 1.18181818182 , 0.818181818182 , 2.09090909091 , -0.909090909091
00333_940422_fa , -0.454545454545 , -1.54545454545 , 3.09090909091 , 0.454545454545 , -2.09090909091
00454_940422_fa , 1.09090909091 , 1.36363636364 , -0.181818181818 , 2.54545454545 , -1.18181818182
00515_940519_fa , 1.0 , 1.90909090909 , -0.0909090909091 , 2.36363636364 , 0.272727272727
00323_940422_fa , -1.45454545455 , -1.0 , -1.0 , -0.727272727273 , 0.0909090909091
00536_940519_fa , -0.454545454545 , 2.09090909091 , 2.36363636364 , 2.09090909091 , -1.27272727273
00259_940128_fa , 1.45454545455 , 2.36363636364 , 1.45454545455 , 2.09090909091 , -1.09090909091
00539_940519_fa , 1.36363636364 , 2.81818181818 , 2.09090909091 , 1.81818181818 , -2.45454545455
00248_940128_fa , 1.18181818182 , 1.72727272727 , 0.545454545455 , 1.0 , -1.36363636364
00293_940422_fa , 0.181818181818 , -0.0909090909091 , 1.27272727273 , -0.727272727273 , -2.0
00452_940422_fa , 0.363636363636 , 1.90909090909 , -1.27272727273 , 0.818181818182 , -0.272727272727
00527_940519_fa , 0.272727272727 , 1.45454545455 , -0.181818181818 , 1.63636363636 , 1.27272727273
00338_940422_fa , 0.636363636364 , -0.636363636364 , -0.272727272727 , 2.0 , 1.09090909091
00272_940422_fa , -0.181818181818 , 1.0 , -0.181818181818 , 0.909090909091 , -0.0909090909091
00814_941205_fa , 1.90909090909 , 1.18181818182 , 3.0 , 3.27272727273 , -2.90909090909
00982_960627_fa , -0.818181818182 , 1.0 , -0.909090909091 , 0.181818181818 , -1.0
00908_960530_fa , 0.0909090909091 , 1.81818181818 , -2.18181818182 , -1.54545454545 , -0.727272727273
00003_941121_fa , 1.0 , 1.27272727273 , -0.636363636364 , 1.54545454545 , -0.636363636364
00715_941205_fa , 0.727272727273 , 0.454545454545 , 1.90909090909 , 2.27272727273 , -1.90909090909
00208_940128_fa , 0.181818181818 , 0.363636363636 , -2.45454545455 , -1.54545454545 , 0.909090909091
00426_940422_fa , 0.363636363636 , 0.0 , -2.45454545455 , 0.363636363636 , 2.63636363636
00504_940519_fa , -0.181818181818 , -0.272727272727 , -0.181818181818 , 0.909090909091 , -0.0909090909091
00833_940307_fa , 1.54545454545 , 2.36363636364 , 2.81818181818 , 2.27272727273 , -2.45454545455
00905_960530_fa , -0.454545454545 , 1.36363636364 , -1.09090909091 , 0.0 , -0.909090909091
00492_940519_fa , 0.181818181818 , 1.90909090909 , 1.63636363636 , 2.09090909091 , -2.0
00503_940519_fa , -0.909090909091 , 1.36363636364 , 1.45454545455 , 1.72727272727 , -1.18181818182
00209_940128_fa , 0.272727272727 , -0.727272727273 , 0.0 , 2.18181818182 , 1.09090909091
00936_960627_fa , -0.181818181818 , 0.909090909091 , -0.272727272727 , -0.181818181818 , -0.636363636364
00461_940422_fa , 2.0 , -0.545454545455 , 0.636363636364 , 1.18181818182 , -1.54545454545
00749_941201_fa , -1.45454545455 , 2.27272727273 , -1.81818181818 , -1.27272727273 , 0.272727272727
00572_940928_fa , -1.18181818182 , 2.0 , -1.0 , 0.636363636364 , -0.727272727273
00403_940422_fa , 1.09090909091 , 0.727272727273 , 1.90909090909 , 2.18181818182 , -1.18181818182
00708_941205_fa , -0.818181818182 , 0.363636363636 , 0.727272727273 , 1.27272727273 , -2.36363636364
00906_960530_fa , 0.0 , 1.90909090909 , 1.54545454545 , 1.81818181818 , -2.0
00866_940307_fa , 0.545454545455 , 2.09090909091 , -1.63636363636 , -0.636363636364 , -0.727272727273
00525_940519_fa , 0.545454545455 , 1.90909090909 , 1.90909090909 , 1.63636363636 , -1.09090909091
00816_941205_fa , -0.545454545455 , 1.18181818182 , -0.0909090909091 , 0.0 , -1.45454545455
00319_940422_fa , 1.0 , 1.09090909091 , -0.636363636364 , 0.818181818182 , 1.09090909091
00260_940128_fa , -0.272727272727 , 1.90909090909 , -1.54545454545 , -1.36363636364 , -0.363636363636
00797_941205_fa , 0.272727272727 , 1.09090909091 , 0.818181818182 , 0.636363636364 , -1.81818181818
00436_940422_fa , 1.36363636364 , 2.18181818182 , -1.63636363636 , -1.09090909091 , -0.454545454545
00623_940928_fa , -0.545454545455 , 0.818181818182 , 0.909090909091 , 0.909090909091 , -1.72727272727
00898_960530_fa , 1.0 , 2.27272727273 , -0.363636363636 , 0.454545454545 , 0.454545454545
00955_960627_fa , 0.0 , 1.81818181818 , 1.72727272727 , 1.63636363636 , -2.45454545455
00081_941031_fa , -0.272727272727 , 0.818181818182 , -0.636363636364 , 1.0 , -0.727272727273
00002_940928_fa , 0.909090909091 , 1.45454545455 , 0.727272727273 , 1.90909090909 , -1.0
00392_940422_fa , 1.72727272727 , 1.90909090909 , -1.0 , 1.72727272727 , -0.545454545455
00377_940422_fa , 0.909090909091 , 1.18181818182 , 1.09090909091 , 2.0 , -1.36363636364
00571_940928_fa , 0.545454545455 , 1.36363636364 , -1.90909090909 , 0.363636363636 , 2.36363636364
00545_940519_fa , 0.181818181818 , 1.54545454545 , -1.63636363636 , -0.545454545455 , 0.545454545455
00871_940307_fa , -1.0 , 0.454545454545 , -0.363636363636 , -1.45454545455 , -0.636363636364
00206_940128_fa_a , 1.18181818182 , 2.36363636364 , -1.09090909091 , 1.54545454545 , 0.272727272727
00683_941121_fa , 0.727272727273 , 2.09090909091 , -1.18181818182 , 0.454545454545 , -0.454545454545
00916_960620_fa , -0.454545454545 , 0.0909090909091 , -1.27272727273 , -1.90909090909 , 0.363636363636
00278_940422_fa , 2.18181818182 , 1.72727272727 , 2.63636363636 , 3.0 , -1.27272727273
00195_940128_fa , 2.18181818182 , -1.81818181818 , 2.54545454545 , 2.54545454545 , -2.72727272727
00456_940422_fa , 2.45454545455 , 0.818181818182 , -2.0 , 0.0 , 1.45454545455
00706_941201_fa , -1.36363636364 , 2.36363636364 , -2.27272727273 , -1.36363636364 , 0.909090909091
00625_940928_fa , 0.454545454545 , 1.72727272727 , -1.45454545455 , -1.0 , -0.545454545455
00682_941121_fa , 1.72727272727 , 1.45454545455 , -0.818181818182 , -1.0 , 1.09090909091
00653_941031_fa , 1.90909090909 , 1.18181818182 , -0.181818181818 , 1.27272727273 , -0.272727272727
00386_940422_fa , 2.54545454545 , 2.45454545455 , 3.18181818182 , 2.63636363636 , -2.81818181818
00755_941201_fa , 0.0909090909091 , -0.727272727273 , 1.90909090909 , 2.36363636364 , -2.09090909091
00652_941031_fa , -0.454545454545 , 2.0 , -1.90909090909 , -0.545454545455 , -0.727272727273
00345_940422_fa , -0.727272727273 , -0.909090909091 , -1.18181818182 , 0.0 , -0.545454545455
00733_941201_fa , 0.818181818182 , 3.0 , -1.36363636364 , -1.36363636364 , -1.81818181818
00518_940519_fa , -0.272727272727 , 1.36363636364 , -0.545454545455 , 1.09090909091 , -1.54545454545
00605_941031_fa , 1.90909090909 , 2.45454545455 , 2.45454545455 , 3.0 , -1.63636363636
00500_960627_fa , 1.09090909091 , 2.18181818182 , 0.0 , 0.818181818182 , -0.818181818182
00576_941031_fa , 1.72727272727 , 2.36363636364 , 1.0 , 2.18181818182 , -1.36363636364
00517_940519_fa , 0.727272727273 , 1.90909090909 , 2.18181818182 , 2.81818181818 , -2.45454545455
00222_940128_fa , 0.0 , -1.54545454545 , -0.363636363636 , -1.09090909091 , -1.54545454545
00374_940422_fa , 0.727272727273 , -0.0909090909091 , 0.0909090909091 , 0.0 , 1.0
00805_941205_fa , -1.0 , -0.272727272727 , -1.0 , -2.18181818182 , 0.545454545455
00211_940128_fa , 0.363636363636 , 0.909090909091 , 0.0909090909091 , 1.54545454545 , -0.0909090909091
00480_940519_fa , -1.18181818182 , -0.454545454545 , -0.818181818182 , -1.36363636364 , 1.27272727273
00802_941205_fa , -1.72727272727 , -0.818181818182 , -1.81818181818 , -1.36363636364 , 0.181818181818
00970_960627_fa , 1.72727272727 , 1.45454545455 , 0.363636363636 , 1.90909090909 , -1.81818181818
00360_940422_fa , -0.272727272727 , -0.0909090909091 , 1.36363636364 , 1.63636363636 , -2.18181818182
00826_940307_fa , -1.09090909091 , 0.909090909091 , 0.545454545455 , -1.0 , -0.363636363636
00778_941205_fa , 0.181818181818 , 0.272727272727 , 1.63636363636 , 1.45454545455 , -1.45454545455
00667_941121_fa , 1.27272727273 , 1.45454545455 , 0.272727272727 , 1.27272727273 , -0.818181818182
00978_960627_fa , 1.09090909091 , 1.18181818182 , 1.09090909091 , 1.18181818182 , -0.0909090909091
00019_940422_fa , 0.545454545455 , 1.72727272727 , 0.909090909091 , 1.72727272727 , -1.81818181818
00929_960627_fa , -0.0909090909091 , 0.636363636364 , 1.27272727273 , 1.81818181818 , -2.45454545455
00577_940928_fa , -1.0 , 0.272727272727 , -0.818181818182 , -2.27272727273 , -0.909090909091
00862_940307_fa , -0.636363636364 , 1.54545454545 , -0.454545454545 , -0.636363636364 , -2.0
00725_941201_fa , 0.454545454545 , 0.272727272727 , -0.636363636364 , -0.636363636364 , 2.09090909091
00190_940128_fa , 1.72727272727 , 0.727272727273 , 0.727272727273 , 1.81818181818 , -0.636363636364
00265_940128_fa , 1.81818181818 , 0.0909090909091 , 3.72727272727 , 0.727272727273 , -2.18181818182
00542_940519_fa , 0.181818181818 , 2.63636363636 , 3.0 , 2.18181818182 , -2.81818181818
00203_940128_fa , 0.454545454545 , 1.54545454545 , -1.36363636364 , -2.0 , -0.181818181818
00616_941031_fa , -0.909090909091 , 2.18181818182 , -1.45454545455 , -0.181818181818 , 0.0909090909091
00497_940519_fa , 0.0 , 1.90909090909 , 1.36363636364 , 1.45454545455 , -2.09090909091
00389_940422_fa , 1.36363636364 , 1.0 , -1.27272727273 , 1.0 , 0.454545454545
00534_940519_fa , -0.818181818182 , 0.727272727273 , -1.0 , 0.272727272727 , 0.0909090909091
00886_960530_fa , 0.363636363636 , 3.36363636364 , 0.545454545455 , -0.363636363636 , -2.36363636364
00549_940519_fa , 1.90909090909 , 2.09090909091 , 2.72727272727 , 2.63636363636 , -1.90909090909
00553_940519_fa , -0.0909090909091 , 2.09090909091 , -0.0909090909091 , 0.181818181818 , 0.545454545455
00624_940928_fa , -0.181818181818 , 1.63636363636 , -1.09090909091 , 0.545454545455 , -1.18181818182
00762_941201_fa , 0.727272727273 , 2.72727272727 , 0.363636363636 , 0.727272727273 , -0.818181818182
00383_940928_fa , 0.727272727273 , 2.09090909091 , 0.818181818182 , 2.63636363636 , -1.63636363636
00910_960530_fa , -0.181818181818 , 1.09090909091 , 0.181818181818 , 0.272727272727 , -1.54545454545
00722_941201_fa , -0.0909090909091 , 1.45454545455 , -1.18181818182 , 0.181818181818 , -0.272727272727
00275_940422_fa , -0.0909090909091 , 0.818181818182 , -1.54545454545 , -0.545454545455 , 0.636363636364
00523_940519_fa , -0.0909090909091 , 0.363636363636 , 2.0 , 2.09090909091 , -1.63636363636
00937_960627_fa , -0.636363636364 , 1.36363636364 , -1.18181818182 , -2.45454545455 , 0.363636363636
00634_940928_fa , 1.36363636364 , 2.63636363636 , -0.272727272727 , 0.454545454545 , -2.18181818182
00489_940519_fa , 2.45454545455 , 0.818181818182 , 2.72727272727 , 3.0 , -2.90909090909
00666_941121_fa , -0.909090909091 , -0.181818181818 , -1.45454545455 , -1.0 , 0.0
00603_940928_fa , -0.909090909091 , 2.36363636364 , 0.545454545455 , -1.27272727273 , -0.909090909091
00678_941121_fa , -0.727272727273 , 0.727272727273 , -2.36363636364 , -2.18181818182 , 1.18181818182
00773_941201_fa , -0.454545454545 , 2.36363636364 , -1.0 , -0.545454545455 , -0.727272727273
00695_941121_fa , 1.45454545455 , 0.909090909091 , -0.545454545455 , 0.0909090909091 , -0.363636363636
00406_940422_fa , 1.72727272727 , 2.0 , 3.0 , 2.72727272727 , -2.54545454545
00877_960530_fa , 0.0 , 0.0909090909091 , -1.0 , 0.909090909091 , 1.45454545455
00238_940128_fa , 1.54545454545 , 1.72727272727 , 1.27272727273 , 1.72727272727 , -1.45454545455
00789_960530_fa , 1.36363636364 , 2.72727272727 , 0.636363636364 , 1.72727272727 , 0.272727272727
01007_960627_fa , -0.272727272727 , 1.45454545455 , 1.0 , 0.0 , -0.545454545455
00857_940307_fa , 0.363636363636 , 1.0 , 0.0 , 1.0 , -1.27272727273
00952_960627_fa , -0.363636363636 , 1.54545454545 , 1.36363636364 , 3.27272727273 , -1.54545454545
00419_940422_fa , 0.545454545455 , 1.09090909091 , -0.454545454545 , -2.09090909091 , -0.0909090909091
00888_960530_fa , 1.18181818182 , 2.90909090909 , 2.63636363636 , 1.81818181818 , -3.0
00239_940128_fa , 1.18181818182 , 2.0 , -0.272727272727 , 1.09090909091 , 0.545454545455
00817_941205_fa , -1.36363636364 , 0.545454545455 , -1.90909090909 , -1.18181818182 , 0.181818181818
00864_940307_fa , -1.36363636364 , 0.181818181818 , -1.72727272727 , -3.09090909091 , 0.818181818182
00397_940422_fa , 1.36363636364 , 1.81818181818 , 2.0 , 2.45454545455 , -0.818181818182
00786_941205_fa , 0.909090909091 , 2.0 , 0.0 , 0.727272727273 , 1.81818181818
00965_960627_fa , -0.0909090909091 , 1.0 , -0.181818181818 , -0.363636363636 , 0.636363636364
00427_940422_fa , -0.818181818182 , 0.454545454545 , -2.27272727273 , -2.27272727273 , 1.90909090909
00347_940422_fa , 1.81818181818 , 0.636363636364 , 2.45454545455 , 0.818181818182 , -0.181818181818
00712_941205_fa , -1.18181818182 , 2.09090909091 , -1.90909090909 , 0.363636363636 , -0.909090909091
00540_940519_fa , -1.18181818182 , -0.181818181818 , -0.0909090909091 , -0.0909090909091 , -0.272727272727
00924_960627_fa , 1.63636363636 , 1.90909090909 , 1.09090909091 , 1.45454545455 , -2.09090909091
00956_960627_fa , 0.0 , -0.727272727273 , 0.272727272727 , 1.45454545455 , 0.272727272727
00479_940519_fa , 0.272727272727 , -0.0909090909091 , -1.72727272727 , 0.636363636364 , 1.0
00595_940928_fa , 0.636363636364 , -0.272727272727 , 1.0 , 0.727272727273 , 0.454545454545
00641_941031_fa , -1.54545454545 , -0.181818181818 , -1.18181818182 , -1.18181818182 , -0.272727272727
00546_940519_fa , -0.181818181818 , 1.54545454545 , 0.181818181818 , 1.09090909091 , -1.27272727273
00189_940128_fa_a , 0.181818181818 , 2.27272727273 , -2.63636363636 , 0.0 , 1.36363636364
00631_940928_fa , 1.72727272727 , 2.27272727273 , -0.272727272727 , 2.54545454545 , 0.0
00584_940928_fa , -1.09090909091 , 1.18181818182 , -2.27272727273 , -1.27272727273 , -1.27272727273
00914_960620_fa , 0.363636363636 , 0.909090909091 , -0.818181818182 , 0.545454545455 , 0.363636363636
00083_940128_fa_a , 2.0 , 2.54545454545 , 1.0 , 1.63636363636 , -2.54545454545
00918_960620_fa , 0.545454545455 , 1.81818181818 , -1.54545454545 , -2.27272727273 , 0.727272727273
00524_940519_fa , 0.818181818182 , 2.45454545455 , -1.0 , -1.27272727273 , -1.54545454545
00470_941201_fa , -1.36363636364 , -0.545454545455 , 2.63636363636 , 2.72727272727 , -2.45454545455
00962_960627_fa , 0.545454545455 , 0.181818181818 , 0.818181818182 , 2.45454545455 , -0.363636363636
00218_940128_fa , 1.54545454545 , 1.72727272727 , 0.818181818182 , 1.18181818182 , -1.63636363636
00847_940307_fa , 1.54545454545 , 1.90909090909 , 2.18181818182 , 0.909090909091 , -1.81818181818
00880_960530_fa , -0.545454545455 , 3.09090909091 , -0.818181818182 , 1.0 , -1.45454545455
00257_940128_fa , -0.818181818182 , 0.454545454545 , 1.18181818182 , -0.272727272727 , -2.45454545455
00309_940422_fa , -0.454545454545 , -0.0909090909091 , 1.36363636364 , 1.18181818182 , -2.09090909091
00840_940307_fa , 2.36363636364 , 1.54545454545 , 2.18181818182 , 2.54545454545 , -2.09090909091
00912_960530_fa , -0.909090909091 , 2.72727272727 , -1.27272727273 , -0.727272727273 , -0.636363636364
00299_940422_fa , -0.636363636364 , -0.636363636364 , 0.818181818182 , 1.09090909091 , -0.545454545455
00483_940519_fa , 0.0 , 2.0 , -1.27272727273 , -0.545454545455 , 0.272727272727
00255_940128_fa , 0.818181818182 , 1.81818181818 , 0.0909090909091 , 2.09090909091 , -0.727272727273
00668_941121_fa , -0.545454545455 , 1.63636363636 , -2.09090909091 , -0.727272727273 , -0.363636363636
00430_940422_fa , 0.636363636364 , 0.727272727273 , 0.363636363636 , 1.72727272727 , 0.454545454545
00396_940422_fa , -0.727272727273 , -0.0909090909091 , -1.18181818182 , -2.0 , 0.272727272727
00509_940519_fa , 0.0909090909091 , 2.72727272727 , -0.0909090909091 , 2.54545454545 , -1.36363636364
00478_940519_fa , -1.09090909091 , -1.27272727273 , -0.636363636364 , -0.545454545455 , 0.454545454545
00775_941205_fa , -0.272727272727 , -0.181818181818 , -1.36363636364 , -0.727272727273 , 0.545454545455
00991_960627_fa , 0.909090909091 , 2.09090909091 , 0.454545454545 , 0.727272727273 , -2.45454545455
00473_940519_fa , -1.18181818182 , 0.818181818182 , 0.0909090909091 , 1.81818181818 , -0.909090909091
00732_941201_fa , -0.636363636364 , 2.0 , -1.36363636364 , -0.272727272727 , -0.0909090909091
00947_960627_fa , -1.18181818182 , 2.36363636364 , -0.0909090909091 , -0.818181818182 , -1.09090909091
00719_941201_fa , 0.727272727273 , 2.45454545455 , -0.727272727273 , -0.0909090909091 , -0.272727272727
00635_941031_fa , 0.0909090909091 , 2.90909090909 , -1.0 , 1.45454545455 , 0.454545454545
00428_940422_fa , -0.545454545455 , -0.727272727273 , -0.272727272727 , -1.63636363636 , 0.909090909091
00977_960627_fa , -1.81818181818 , 1.0 , -1.90909090909 , -1.72727272727 , 0.272727272727
00743_941201_fa , 1.54545454545 , -0.0909090909091 , 0.0909090909091 , 1.18181818182 , -0.545454545455
00433_940422_fa , 1.36363636364 , 1.45454545455 , 2.81818181818 , 2.54545454545 , 0.0
00659_941121_fa , -0.272727272727 , -1.0 , -2.18181818182 , -1.63636363636 , 1.27272727273
00196_940128_fa , 0.454545454545 , 1.63636363636 , -0.727272727273 , 2.27272727273 , -0.636363636364
00261_940128_fa , 1.27272727273 , 2.0 , 1.27272727273 , 2.54545454545 , -1.81818181818
00254_940128_fa , 2.45454545455 , 2.36363636364 , 0.818181818182 , 2.27272727273 , -1.36363636364
00490_940519_fa , -0.545454545455 , -0.545454545455 , -1.36363636364 , -2.36363636364 , 1.27272727273
00843_940307_fa_a , -0.181818181818 , 2.36363636364 , -0.727272727273 , -0.181818181818 , -1.09090909091
00212_940128_fa_a , 0.636363636364 , 1.27272727273 , -2.09090909091 , -0.454545454545 , 1.36363636364
00285_940422_fa , 0.0909090909091 , 1.27272727273 , 1.81818181818 , 3.0 , -0.727272727273
00860_940307_fa , -0.636363636364 , -1.09090909091 , -0.545454545455 , -2.18181818182 , 0.636363636364
00475_940519_fa , -1.27272727273 , 1.72727272727 , -1.36363636364 , -2.63636363636 , 0.545454545455
01000_960627_fa , -0.909090909091 , 0.363636363636 , -1.72727272727 , -1.45454545455 , -0.909090909091
00946_960627_fa , 1.36363636364 , 2.0 , 1.90909090909 , 2.45454545455 , -1.54545454545
00191_940128_fa , 1.63636363636 , 1.54545454545 , -1.0 , 1.90909090909 , 0.636363636364
00306_940422_fa , 1.90909090909 , 1.63636363636 , 0.181818181818 , 1.45454545455 , -0.454545454545
01003_960627_fa , 1.72727272727 , 2.36363636364 , 1.54545454545 , 2.27272727273 , -2.54545454545
00694_941121_fa , 1.63636363636 , 1.81818181818 , 1.72727272727 , 2.09090909091 , -1.45454545455
00795_941205_fa , -0.272727272727 , 1.72727272727 , -1.0 , 0.0 , -1.18181818182
00354_940422_fa , 0.818181818182 , -0.0909090909091 , -0.181818181818 , -0.181818181818 , 0.818181818182
00244_940128_fa , 1.63636363636 , 0.818181818182 , 0.272727272727 , 0.818181818182 , 1.0
00487_940519_fa , 0.0 , 0.454545454545 , -0.181818181818 , 0.454545454545 , -0.181818181818
00794_941205_fa , -0.818181818182 , -0.454545454545 , -2.72727272727 , -1.27272727273 , 1.63636363636
01009_960627_fa , 0.272727272727 , 1.45454545455 , -0.818181818182 , 0.181818181818 , 0.181818181818
00229_940128_fa , -0.545454545455 , -1.09090909091 , -0.818181818182 , 0.363636363636 , 0.181818181818
00256_940928_fa , 0.909090909091 , 1.36363636364 , 0.818181818182 , 1.45454545455 , -0.727272727273
00950_960627_fa , -0.727272727273 , 1.09090909091 , -0.909090909091 , -0.272727272727 , -0.363636363636
00869_940307_fa , -0.727272727273 , 0.818181818182 , -1.72727272727 , -0.454545454545 , 0.0909090909091
00941_960627_fa , 0.181818181818 , 2.0 , 0.0909090909091 , 0.181818181818 , 0.0909090909091
00231_940128_fa , 1.36363636364 , 1.18181818182 , 2.54545454545 , 1.27272727273 , -1.36363636364
00714_941201_fa , 0.636363636364 , 1.63636363636 , -1.27272727273 , 0.0 , -1.63636363636
00233_940128_fa_a , 1.18181818182 , 2.54545454545 , -0.909090909091 , 2.63636363636 , 0.363636363636
00273_940422_fa , -0.636363636364 , -0.818181818182 , 1.27272727273 , -0.272727272727 , -1.81818181818
00859_940307_fa , 0.0 , 1.45454545455 , -1.45454545455 , 0.0 , -0.545454545455
00269_940422_fa , -1.45454545455 , -0.545454545455 , -1.36363636364 , -1.0 , -0.363636363636
00793_941205_fa , -1.09090909091 , 2.36363636364 , -1.09090909091 , -1.0 , -1.54545454545
00533_940519_fa , -0.727272727273 , 1.18181818182 , 2.27272727273 , 2.81818181818 , -2.54545454545
00621_941121_fa , -0.818181818182 , 0.0909090909091 , -2.18181818182 , -0.545454545455 , 0.272727272727
00938_960627_fa , -0.727272727273 , 0.272727272727 , -2.90909090909 , -0.909090909091 , 2.36363636364
00565_941121_fa , -0.727272727273 , 0.818181818182 , -1.36363636364 , 0.818181818182 , 0.272727272727
00798_941205_fa , 0.636363636364 , 1.63636363636 , 2.45454545455 , 2.54545454545 , -2.63636363636
00756_941201_fa , -1.0 , 2.09090909091 , -2.18181818182 , -0.818181818182 , -0.181818181818
00672_941121_fa , -1.81818181818 , 0.272727272727 , -1.81818181818 , -0.272727272727 , 0.272727272727
00398_940422_fa , 1.72727272727 , 1.72727272727 , 1.09090909091 , 2.09090909091 , -1.63636363636
00959_960627_fa , -1.45454545455 , 2.27272727273 , -1.0 , 0.181818181818 , -0.727272727273
00029_960627_fa , -0.181818181818 , -0.636363636364 , -0.909090909091 , 2.0 , 0.272727272727
00928_960627_fa , 0.636363636364 , 1.81818181818 , 1.90909090909 , 2.63636363636 , -1.0
00673_941121_fa , -0.545454545455 , 1.54545454545 , -0.545454545455 , 0.909090909091 , -0.181818181818
00268_940519_fa , -0.727272727273 , 0.363636363636 , 0.272727272727 , 1.63636363636 , -0.363636363636
00332_940422_fa , 0.909090909091 , 2.09090909091 , 0.454545454545 , 2.36363636364 , -2.18181818182
00339_940422_fa , 0.181818181818 , -2.27272727273 , 1.90909090909 , 1.18181818182 , -1.90909090909
00594_941121_fa , 0.0909090909091 , 1.0 , 1.18181818182 , 2.45454545455 , -0.636363636364
00586_940928_fa , -0.818181818182 , 1.27272727273 , -0.181818181818 , 0.0 , 0.181818181818
00312_940422_fa , 0.0 , -0.272727272727 , 0.727272727273 , 0.272727272727 , 0.181818181818
00882_960530_fa , -0.181818181818 , 1.54545454545 , -0.727272727273 , 1.81818181818 , -1.09090909091
00996_960627_fa , 0.454545454545 , 1.36363636364 , 2.09090909091 , 0.545454545455 , -1.09090909091
00554_940519_fa , 1.27272727273 , 2.90909090909 , 0.909090909091 , 1.45454545455 , -2.0
00348_940422_fa , 0.363636363636 , 0.0 , -0.363636363636 , -0.363636363636 , -1.45454545455
00279_940422_fa , 0.181818181818 , 1.18181818182 , -1.45454545455 , -2.63636363636 , 0.454545454545
00135_931230_fa_a , 0.0 , 3.18181818182 , 0.545454545455 , 2.54545454545 , -2.27272727273
00837_940307_fa , 1.81818181818 , 2.18181818182 , 2.90909090909 , 1.72727272727 , -2.36363636364
00445_940422_fa , 1.09090909091 , 2.09090909091 , 2.27272727273 , 3.0 , -1.45454545455
00570_940928_fa , -1.81818181818 , 0.272727272727 , -1.54545454545 , -1.09090909091 , -1.27272727273
00580_940928_fa , -0.272727272727 , 1.18181818182 , -1.09090909091 , 0.454545454545 , -0.181818181818
00550_940519_fa , -1.09090909091 , -0.0909090909091 , 1.09090909091 , 1.81818181818 , -1.36363636364
00356_940422_fa , 0.0909090909091 , -0.636363636364 , 1.0 , 1.36363636364 , 0.0
00643_941031_fa , -0.0909090909091 , 1.36363636364 , -1.63636363636 , -0.181818181818 , 0.272727272727
00566_941121_fa , -0.818181818182 , 1.81818181818 , -1.81818181818 , -0.181818181818 , -1.0
00322_940422_fa , -0.0909090909091 , 0.0909090909091 , 1.0 , 1.54545454545 , -0.727272727273
00935_960627_fa , 0.363636363636 , 2.18181818182 , -0.272727272727 , 0.909090909091 , -1.09090909091
00945_960627_fa , 1.09090909091 , 0.909090909091 , 1.72727272727 , -0.727272727273 , 0.636363636364
00812_941205_fa , -0.727272727273 , 2.27272727273 , -2.36363636364 , -2.27272727273 , -0.636363636364
00747_941205_fa , -1.81818181818 , -0.818181818182 , -1.27272727273 , -1.09090909091 , -0.909090909091
00931_960627_fa , -1.0 , 1.81818181818 , -1.27272727273 , -1.09090909091 , -0.545454545455
00258_940128_fa , 1.90909090909 , 1.81818181818 , 0.636363636364 , 1.54545454545 , -0.818181818182
00390_940422_fa , 0.727272727273 , 1.54545454545 , 1.0 , 2.18181818182 , 0.454545454545
00511_940519_fa , 0.454545454545 , 2.81818181818 , 1.81818181818 , 2.0 , -2.36363636364
00413_940422_fa , 0.454545454545 , -0.181818181818 , 0.363636363636 , 0.818181818182 , -0.181818181818
00384_940422_fa , 2.0 , 1.18181818182 , 1.0 , 1.0 , -2.36363636364
00958_960627_fa , 0.636363636364 , 0.636363636364 , 1.18181818182 , 2.54545454545 , -1.36363636364
00227_940128_fa , 0.545454545455 , 0.181818181818 , -1.18181818182 , -1.45454545455 , 1.09090909091
00949_960627_fa , 0.727272727273 , 1.81818181818 , -0.0909090909091 , 0.818181818182 , -0.636363636364
00954_960627_fa , -0.909090909091 , 2.36363636364 , -0.363636363636 , 1.0 , -1.09090909091
00629_940928_fa , 0.909090909091 , 2.81818181818 , 0.454545454545 , 2.18181818182 , -2.27272727273
00654_941031_fa , 1.36363636364 , 2.09090909091 , 2.18181818182 , 2.54545454545 , -1.54545454545
00263_940128_fa , 0.545454545455 , 0.454545454545 , 2.0 , 0.545454545455 , -0.818181818182
00207_940128_fa , -0.636363636364 , -0.181818181818 , -0.636363636364 , 0.272727272727 , -0.454545454545
00810_941205_fa , -0.727272727273 , 0.727272727273 , -2.45454545455 , -0.181818181818 , 1.09090909091
00895_960530_fa , -0.909090909091 , 0.727272727273 , -0.727272727273 , -0.545454545455 , 0.909090909091
00637_941031_fa , 0.0 , 0.909090909091 , -1.18181818182 , 1.27272727273 , 0.454545454545
00321_940422_fa , -1.27272727273 , -0.181818181818 , -0.272727272727 , -0.454545454545 , -1.0
00477_940519_fa , -1.45454545455 , -0.363636363636 , 0.636363636364 , 1.09090909091 , -0.909090909091
00770_941201_fa , 1.54545454545 , 1.63636363636 , -0.454545454545 , 0.818181818182 , -0.181818181818
00556_940519_fa , 1.81818181818 , 1.36363636364 , 3.27272727273 , 2.54545454545 , -2.54545454545
00488_940519_fa , 0.363636363636 , 1.45454545455 , 0.0 , 1.18181818182 , -0.727272727273
00241_940128_fa_a , -1.09090909091 , -0.272727272727 , -2.18181818182 , -1.18181818182 , 1.27272727273
00834_940307_fa , 0.181818181818 , -0.727272727273 , 1.45454545455 , 2.63636363636 , -1.0
00976_960627_fa , -0.909090909091 , 2.09090909091 , -2.0 , -0.727272727273 , -0.454545454545
00590_940928_fa , 0.454545454545 , 1.27272727273 , -0.272727272727 , 0.727272727273 , 0.545454545455
00665_941121_fa , -0.181818181818 , 1.90909090909 , 0.363636363636 , 1.45454545455 , 0.363636363636
00917_960620_fa , -1.09090909091 , -1.18181818182 , -0.545454545455 , 0.636363636364 , -0.545454545455
00334_940422_fa , -1.09090909091 , -1.45454545455 , -0.727272727273 , -2.90909090909 , -0.272727272727
00831_940307_fa , 1.90909090909 , 2.09090909091 , 1.63636363636 , 0.727272727273 , -2.09090909091
00926_960627_fa , -1.0 , 1.27272727273 , -2.0 , 0.545454545455 , 0.636363636364
00362_940422_fa , -1.54545454545 , -1.45454545455 , 1.27272727273 , -2.09090909091 , -1.63636363636
00738_941201_fa , -0.727272727273 , 1.27272727273 , 0.181818181818 , 0.636363636364 , -0.727272727273
00530_940519_fa , 1.54545454545 , 2.09090909091 , 2.81818181818 , 2.63636363636 , -1.45454545455
00779_941205_fa , 0.0 , 0.0 , 1.36363636364 , 1.09090909091 , -0.909090909091
00225_940128_fa_a , 1.90909090909 , 1.63636363636 , -1.54545454545 , 1.18181818182 , 1.18181818182
00512_940519_fa , -0.818181818182 , -0.454545454545 , -1.63636363636 , 0.636363636364 , 1.36363636364
00851_940307_fa , 1.0 , 1.18181818182 , 0.636363636364 , 0.181818181818 , -0.818181818182
00800_941205_fa , -0.727272727273 , -0.0909090909091 , -0.636363636364 , 1.27272727273 , -1.36363636364
00821_940307_fa , 1.36363636364 , 2.72727272727 , 1.0 , 0.363636363636 , -1.81818181818
00155_940128_fa , 1.18181818182 , 1.63636363636 , 1.81818181818 , 3.0 , -0.636363636364
00417_940422_fa , 2.18181818182 , 1.81818181818 , 2.09090909091 , 1.90909090909 , -1.63636363636
00501_960627_fa , -0.909090909091 , 1.27272727273 , -1.72727272727 , 0.818181818182 , 1.09090909091
00247_941121_fa , -0.545454545455 , 0.272727272727 , -1.36363636364 , 0.272727272727 , 1.27272727273
00563_940928_fa , 1.18181818182 , 2.27272727273 , 0.363636363636 , 1.63636363636 , -1.63636363636
00746_941201_fa , -1.90909090909 , 0.0 , -0.909090909091 , -2.18181818182 , -1.09090909091
00378_940422_fa , 1.54545454545 , 2.27272727273 , -0.363636363636 , -0.545454545455 , -1.36363636364
00754_941201_fa , -1.09090909091 , 1.18181818182 , -0.363636363636 , -1.45454545455 , -1.63636363636
00160_931230_fa_a , 0.363636363636 , 2.81818181818 , -2.18181818182 , 1.09090909091 , 0.272727272727
01207_940128_fa , 0.272727272727 , 1.45454545455 , -0.181818181818 , 1.27272727273 , -0.909090909091
00979_960627_fa , -0.727272727273 , 2.72727272727 , -1.81818181818 , -1.81818181818 , -0.181818181818
00742_941201_fa , 1.09090909091 , 2.63636363636 , 0.909090909091 , 1.54545454545 , -1.27272727273
00522_940519_fa , 0.272727272727 , 2.63636363636 , 1.72727272727 , 1.0 , -2.27272727273
00704_941205_fa , 0.363636363636 , 2.18181818182 , -0.0909090909091 , 1.18181818182 , -1.09090909091
00807_941205_fa , 0.454545454545 , 1.09090909091 , 0.363636363636 , 1.0 , -1.54545454545
00997_960627_fa , -1.18181818182 , 2.63636363636 , -0.727272727273 , -1.27272727273 , -0.727272727273
00439_940422_fa , 0.818181818182 , 1.54545454545 , 2.18181818182 , 2.45454545455 , -0.818181818182
00664_941121_fa , 0.363636363636 , -0.363636363636 , -0.727272727273 , -0.454545454545 , 0.818181818182
00391_940422_fa , 0.818181818182 , 0.0 , 1.18181818182 , 0.0 , -1.18181818182
00791_941205_fa , 0.545454545455 , 2.09090909091 , -2.18181818182 , -1.09090909091 , 1.36363636364
00513_940519_fa , 1.09090909091 , 1.90909090909 , 1.90909090909 , 2.36363636364 , -1.0
00245_940128_fa , 2.18181818182 , 2.45454545455 , 0.545454545455 , 2.0 , -1.45454545455
00210_940422_fa , 0.454545454545 , 1.45454545455 , 1.81818181818 , 2.90909090909 , -0.454545454545
00829_940307_fa , -1.45454545455 , 1.36363636364 , -0.727272727273 , 0.272727272727 , -0.818181818182
00645_941031_fa , -0.272727272727 , -0.272727272727 , -1.63636363636 , -2.18181818182 , 0.545454545455
00813_941205_fa , -0.363636363636 , 0.818181818182 , -0.0909090909091 , -0.181818181818 , -2.18181818182
00894_960620_fa , -0.0909090909091 , 1.54545454545 , -1.90909090909 , 1.09090909091 , 0.909090909091
00157_940928_fa , 0.727272727273 , -1.45454545455 , -0.272727272727 , -0.181818181818 , -2.18181818182
00613_940928_fa , -1.09090909091 , -0.272727272727 , -1.81818181818 , -1.90909090909 , 0.454545454545
00494_940519_fa , 1.09090909091 , 1.90909090909 , 2.09090909091 , 2.45454545455 , -2.54545454545
00614_940928_fa , 1.0 , 2.18181818182 , -1.0 , 0.454545454545 , -1.36363636364
00175_931230_fa_a , 0.272727272727 , 0.636363636364 , 0.636363636364 , 1.81818181818 , -0.545454545455
00589_940928_fa , 0.454545454545 , 0.636363636364 , -1.0 , 0.363636363636 , 0.272727272727
00852_940307_fa , -1.18181818182 , 0.545454545455 , -1.54545454545 , -2.09090909091 , 0.636363636364
00960_960627_fa , -1.27272727273 , 2.09090909091 , -0.818181818182 , -1.27272727273 , -2.36363636364
00592_940928_fa , 0.727272727273 , 2.18181818182 , 1.18181818182 , 3.27272727273 , -1.72727272727
00451_940422_fa , 0.0 , 1.09090909091 , 1.36363636364 , 1.54545454545 , -0.727272727273
00730_941201_fa , 0.545454545455 , -1.90909090909 , 0.545454545455 , 0.181818181818 , -1.0
00897_960530_fa , -1.27272727273 , 1.90909090909 , 0.0 , 0.636363636364 , -1.90909090909
00717_941201_fa , -0.272727272727 , 2.45454545455 , -1.27272727273 , -2.0 , -1.09090909091
01011_960627_fa , 0.363636363636 , 1.45454545455 , 1.63636363636 , 1.45454545455 , -1.36363636364
00610_940928_fa , -0.636363636364 , 1.63636363636 , -0.818181818182 , 1.09090909091 , -2.0
00425_940422_fa , 1.09090909091 , 1.0 , 0.909090909091 , 2.90909090909 , -0.636363636364
00409_940422_fa , 1.36363636364 , 0.272727272727 , 0.818181818182 , 0.0909090909091 , -1.54545454545
00289_940422_fa , -0.363636363636 , 0.727272727273 , -1.0 , 1.45454545455 , 1.27272727273
00249_940128_fa_a , 1.63636363636 , 0.0 , 0.0909090909091 , -1.27272727273 , -0.727272727273
00638_941031_fa , 0.545454545455 , 1.18181818182 , 0.181818181818 , -0.454545454545 , -1.18181818182
00697_941121_fa , -1.09090909091 , 0.0909090909091 , -0.909090909091 , -0.727272727273 , 0.0909090909091
00535_940519_fa , 1.09090909091 , 2.09090909091 , 2.72727272727 , 2.09090909091 , -2.63636363636
00388_940422_fa , 1.0 , 0.909090909091 , 2.36363636364 , 2.27272727273 , -0.909090909091
00609_940928_fa , 0.636363636364 , 0.636363636364 , 1.54545454545 , -0.636363636364 , -1.27272727273
00986_960627_fa , 1.90909090909 , 1.09090909091 , 2.18181818182 , 2.45454545455 , -0.545454545455
00963_960627_fa , 1.09090909091 , 2.18181818182 , -0.0909090909091 , 0.818181818182 , -2.54545454545
00876_960620_fa , 0.636363636364 , 2.45454545455 , 0.181818181818 , -0.181818181818 , -1.81818181818
00994_960627_fa , 0.0 , 0.818181818182 , -1.54545454545 , -0.454545454545 , 1.0
00736_941205_fa , -1.18181818182 , 2.54545454545 , -1.45454545455 , 0.0 , 0.181818181818
00415_940422_fa , -0.727272727273 , -0.545454545455 , -0.545454545455 , 0.818181818182 , -1.18181818182
00772_941201_fa , 1.0 , 2.81818181818 , 1.54545454545 , 1.09090909091 , -2.36363636364
00803_941205_fa , 0.0 , 1.0 , -1.09090909091 , -0.545454545455 , 0.0909090909091
00352_940422_fa , -0.0909090909091 , 1.0 , -0.636363636364 , 0.727272727273 , 0.454545454545
00804_941205_fa , 1.27272727273 , 2.27272727273 , 2.63636363636 , 1.90909090909 , -2.09090909091
00957_960627_fa , -0.181818181818 , 1.90909090909 , 0.454545454545 , 0.363636363636 , -0.545454545455
00508_940519_fa , -0.454545454545 , 2.27272727273 , -1.18181818182 , -0.181818181818 , -1.09090909091
00216_940128_fa , 1.0 , 1.54545454545 , -1.18181818182 , 0.0 , -0.363636363636
00184_940422_fa , 1.72727272727 , 1.63636363636 , -1.54545454545 , 0.272727272727 , 0.909090909091
00836_940307_fa , -1.09090909091 , -0.545454545455 , -1.27272727273 , -1.18181818182 , 0.909090909091
00846_940307_fa , 2.72727272727 , 2.90909090909 , 1.63636363636 , 0.818181818182 , -2.54545454545
00980_960627_fa , 1.54545454545 , 0.0 , 0.454545454545 , 1.09090909091 , -0.818181818182
00357_940422_fa , 0.545454545455 , 1.81818181818 , -1.18181818182 , 0.727272727273 , 0.636363636364
00250_940128_fa , 2.36363636364 , 2.45454545455 , 0.181818181818 , 3.27272727273 , -0.636363636364
00395_940422_fa , 2.18181818182 , 2.18181818182 , 1.18181818182 , 2.18181818182 , -1.45454545455
00253_940128_fa , -1.72727272727 , -0.181818181818 , 0.0 , 0.0 , -0.545454545455
00681_941121_fa , 0.454545454545 , 2.27272727273 , -1.90909090909 , -0.545454545455 , -0.181818181818
00404_940422_fa , 0.909090909091 , 1.09090909091 , 2.36363636364 , 2.45454545455 , 0.0909090909091
00599_940928_fa , 1.90909090909 , 2.27272727273 , 2.0 , 3.0 , -2.09090909091
00394_940422_fa , -1.09090909091 , -1.09090909091 , -0.818181818182 , -0.545454545455 , 0.818181818182
00353_940422_fa , 0.727272727273 , -0.272727272727 , 0.636363636364 , 1.09090909091 , 0.0
00688_941121_fa , -0.181818181818 , 1.81818181818 , -0.727272727273 , 1.18181818182 , 0.363636363636
00692_941121_fa , 0.636363636364 , 1.90909090909 , 2.0 , 2.54545454545 , -1.72727272727
00828_940307_fa , -0.909090909091 , -0.545454545455 , -1.81818181818 , -1.63636363636 , -0.727272727273
00657_941121_fa , -0.818181818182 , 3.18181818182 , 0.0909090909091 , 0.454545454545 , -1.27272727273
00769_941201_fa , 2.18181818182 , 2.45454545455 , 1.81818181818 , 1.18181818182 , -1.0
00617_940928_fa , -1.45454545455 , 1.36363636364 , -2.18181818182 , -1.45454545455 , -0.636363636364
00567_940928_fa , -0.636363636364 , 1.72727272727 , 0.363636363636 , 0.454545454545 , -1.54545454545
00496_940519_fa , 0.181818181818 , 1.36363636364 , 2.0 , 2.72727272727 , -0.727272727273
00854_940307_fa , -1.09090909091 , 1.36363636364 , -1.18181818182 , -1.0 , -1.09090909091
00561_940519_fa , 0.181818181818 , 0.545454545455 , 1.72727272727 , 2.27272727273 , -1.81818181818
00690_941121_fa , 0.181818181818 , 0.181818181818 , -2.36363636364 , -1.90909090909 , 0.636363636364
00281_940422_fa , 0.727272727273 , 0.181818181818 , -0.454545454545 , 0.363636363636 , -0.636363636364
00578_940928_fa , -0.272727272727 , 1.18181818182 , -1.27272727273 , 0.909090909091 , -0.181818181818
00751_960530_fa , -1.45454545455 , 1.09090909091 , -2.0 , -1.63636363636 , -0.454545454545
00677_941121_fa , 0.363636363636 , 1.90909090909 , -0.818181818182 , 0.0 , -0.818181818182
00766_941201_fa , 0.0 , 2.72727272727 , -1.09090909091 , 1.18181818182 , -0.545454545455
00792_941205_fa , -1.72727272727 , 1.09090909091 , -2.27272727273 , -0.909090909091 , 1.09090909091
00827_940307_fa , 2.0 , 1.63636363636 , -0.181818181818 , 1.54545454545 , 0.636363636364
00329_940422_fa , -0.727272727273 , -1.54545454545 , 2.27272727273 , -1.63636363636 , -0.0909090909091
00344_940422_fa , 1.90909090909 , 0.909090909091 , 0.454545454545 , 1.54545454545 , -0.454545454545
00465_940519_fa , -2.0 , -1.27272727273 , -2.09090909091 , -3.09090909091 , 0.363636363636
00689_941121_fa , 0.454545454545 , 3.63636363636 , -0.454545454545 , -1.45454545455 , -1.0
00887_960530_fa , -0.545454545455 , 2.72727272727 , -1.27272727273 , 0.454545454545 , -1.09090909091
00984_960627_fa , 1.09090909091 , 1.72727272727 , 2.09090909091 , 1.27272727273 , -0.909090909091
00890_960530_fa , 0.0 , -0.363636363636 , -0.181818181818 , -0.545454545455 , -0.909090909091
00698_941121_fa , -0.636363636364 , 3.0 , -0.272727272727 , -0.363636363636 , -1.18181818182
00199_940128_fa , 0.272727272727 , -0.727272727273 , -0.727272727273 , -0.909090909091 , 1.36363636364
00466_940519_fa , -0.363636363636 , 1.90909090909 , 0.545454545455 , 1.81818181818 , 0.636363636364
00387_940422_fa , 2.0 , 0.909090909091 , 3.0 , 1.72727272727 , -1.81818181818
00583_940928_fa , -0.272727272727 , 2.36363636364 , -0.727272727273 , 0.636363636364 , -1.54545454545
00987_960627_fa , -1.0 , 2.63636363636 , -0.363636363636 , -0.181818181818 , -0.727272727273
00650_941031_fa , 1.27272727273 , 2.45454545455 , 0.909090909091 , 2.63636363636 , -1.0
00896_960530_fa , -0.636363636364 , 1.54545454545 , -1.63636363636 , -0.818181818182 , -1.09090909091
00841_940307_fa , 0.363636363636 , 1.36363636364 , 0.636363636364 , 2.81818181818 , -2.18181818182
00844_940307_fa , 0.0 , -0.636363636364 , -1.54545454545 , -1.63636363636 , -0.545454545455
00867_940307_fa , -1.09090909091 , -0.818181818182 , -0.818181818182 , -1.0 , -0.909090909091
00284_940422_fa , -0.636363636364 , 0.545454545455 , 1.27272727273 , 1.90909090909 , -0.818181818182
00252_940128_fa_a , 0.0 , -0.0909090909091 , -2.18181818182 , -0.454545454545 , -0.181818181818
00215_940128_fa_a , 0.272727272727 , -0.818181818182 , 0.272727272727 , 0.818181818182 , -0.727272727273
00676_941121_fa , 1.09090909091 , 2.18181818182 , -0.454545454545 , 1.45454545455 , 0.818181818182
00892_960530_fa , -0.727272727273 , 1.81818181818 , -1.36363636364 , 0.0 , 0.272727272727
00197_940128_fa , 0.363636363636 , 2.0 , -1.45454545455 , 1.18181818182 , 0.727272727273
00850_940307_fa , 0.818181818182 , 0.727272727273 , 2.72727272727 , 2.09090909091 , -1.0
00781_941205_fa , 0.545454545455 , 2.0 , 2.18181818182 , 2.27272727273 , -1.72727272727
00295_940422_fa , -0.0909090909091 , -0.181818181818 , 1.27272727273 , 0.545454545455 , -1.0
00358_940422_fa , 0.363636363636 , 1.27272727273 , -0.181818181818 , 0.636363636364 , -0.454545454545
00674_941121_fa , 2.0 , 0.454545454545 , 0.272727272727 , 0.0 , -1.27272727273
00379_940422_fa , 2.0 , 1.90909090909 , -0.272727272727 , 0.272727272727 , -1.0
00505_940519_fa , -1.18181818182 , -0.0909090909091 , -2.0 , -1.45454545455 , 1.09090909091
00481_940519_fa , -1.27272727273 , -1.0 , -0.454545454545 , -1.45454545455 , 1.27272727273
00761_960627_fa , -1.09090909091 , -0.454545454545 , 1.18181818182 , 1.09090909091 , -2.0
00988_960627_fa , 0.272727272727 , 1.72727272727 , 0.454545454545 , 2.0 , -1.72727272727
00235_940128_fa , 1.09090909091 , 1.63636363636 , 1.18181818182 , 2.54545454545 , 0.545454545455
00693_941121_fa , 0.181818181818 , 0.636363636364 , -0.0909090909091 , 1.81818181818 , -0.363636363636
00314_940422_fa , 1.18181818182 , 0.636363636364 , 0.272727272727 , 1.45454545455 , -1.27272727273
00782_941205_fa , 0.727272727273 , -0.454545454545 , 1.0 , 1.0 , -0.181818181818
00355_940422_fa , 0.272727272727 , 0.454545454545 , 1.36363636364 , 1.36363636364 , -1.0
00573_940928_fa , 0.636363636364 , 2.45454545455 , -0.636363636364 , -0.363636363636 , -1.72727272727
00369_940422_fa , 0.818181818182 , -1.0 , -0.909090909091 , -2.36363636364 , 1.09090909091
00507_940519_fa , -1.0 , 0.909090909091 , -1.18181818182 , -0.181818181818 , 1.18181818182
00745_941205_fa , 0.272727272727 , 2.63636363636 , -0.272727272727 , 2.09090909091 , -1.36363636364
00705_941205_fa , 0.636363636364 , 1.72727272727 , -0.636363636364 , 1.36363636364 , 0.454545454545
00799_941205_fa , 0.818181818182 , 1.90909090909 , -2.0 , -0.181818181818 , -1.36363636364
00198_940128_fa , -0.454545454545 , 0.909090909091 , -1.27272727273 , 0.0909090909091 , -0.545454545455
00971_960627_fa , -0.636363636364 , -0.363636363636 , -2.0 , -0.636363636364 , 1.27272727273
00904_960530_fa , -0.363636363636 , 2.36363636364 , 0.0 , 0.636363636364 , -0.909090909091
00785_941205_fa , -0.545454545455 , 0.909090909091 , -1.81818181818 , -1.63636363636 , -0.727272727273
00801_941205_fa , -1.0 , 0.454545454545 , 0.272727272727 , 1.0 , -0.818181818182
00656_941121_fa , -1.0 , -0.727272727273 , -0.727272727273 , -0.272727272727 , -0.181818181818
00691_941121_fa , -0.0909090909091 , 1.27272727273 , -0.272727272727 , 0.181818181818 , -1.72727272727
00246_940128_fa , -0.272727272727 , -0.181818181818 , -2.81818181818 , -1.0 , 1.09090909091
00968_960627_fa , -0.909090909091 , 0.272727272727 , 2.54545454545 , 2.18181818182 , -1.90909090909
00720_960620_fa , 0.636363636364 , 1.81818181818 , -0.636363636364 , 0.0 , -1.54545454545
00885_960530_fa , -1.72727272727 , 1.18181818182 , -2.0 , -1.63636363636 , 0.0909090909091
00974_960627_fa , 0.363636363636 , 2.18181818182 , -0.0909090909091 , -0.0909090909091 , -0.818181818182
00407_940422_fa , 1.54545454545 , 0.545454545455 , 2.18181818182 , 1.81818181818 , -1.18181818182
00560_940519_fa , 0.0 , 1.45454545455 , 1.36363636364 , 0.727272727273 , 1.81818181818
00710_941201_fa , -1.09090909091 , 2.18181818182 , -1.45454545455 , 0.181818181818 , -1.27272727273
00740_941205_fa , -0.272727272727 , 2.63636363636 , -2.09090909091 , -0.363636363636 , -0.818181818182
00601_940928_fa , -0.0909090909091 , 1.18181818182 , 2.09090909091 , 2.18181818182 , -2.27272727273
00307_940422_fa , 1.36363636364 , 1.63636363636 , 2.90909090909 , 1.72727272727 , -1.09090909091
00618_940928_fa , -0.909090909091 , 1.09090909091 , -1.90909090909 , -0.545454545455 , 0.363636363636
00228_940128_fa_a , 1.45454545455 , 2.36363636364 , 1.0 , 3.0 , -2.18181818182
00230_940128_fa , 0.181818181818 , 0.545454545455 , 3.09090909091 , 1.90909090909 , -2.45454545455
00575_940928_fa , -0.454545454545 , -0.363636363636 , -2.0 , -0.454545454545 , -0.0909090909091
00699_941121_fa , 1.36363636364 , 1.45454545455 , 2.45454545455 , 2.0 , -1.18181818182
01002_960627_fa , -0.818181818182 , 1.81818181818 , -0.363636363636 , -1.0 , -0.727272727273
00642_941121_fa , -0.636363636364 , 0.818181818182 , 0.909090909091 , -0.636363636364 , -1.72727272727
00411_940422_fa , 1.72727272727 , 2.09090909091 , 2.54545454545 , 2.63636363636 , -1.27272727273
00845_940307_fa , 1.63636363636 , 1.18181818182 , 0.0909090909091 , 1.36363636364 , -0.363636363636
00865_940307_fa_a , 0.727272727273 , 1.54545454545 , -1.54545454545 , 0.909090909091 , 1.27272727273
00349_940422_fa , 2.18181818182 , 1.45454545455 , 1.27272727273 , 2.18181818182 , -0.727272727273
00585_940928_fa , 0.0 , 1.63636363636 , 1.27272727273 , 1.0 , -2.18181818182
00923_960627_fa , 1.90909090909 , 0.727272727273 , 3.45454545455 , 1.72727272727 , -2.63636363636
00562_941031_fa , 0.818181818182 , 2.72727272727 , -0.636363636364 , -0.454545454545 , -1.90909090909
00376_940422_fa , 0.0909090909091 , 1.18181818182 , 0.454545454545 , -0.818181818182 , -1.18181818182
00998_960627_fa , 0.454545454545 , 0.272727272727 , 0.545454545455 , -0.0909090909091 , -2.18181818182
00774_941201_fa , -0.272727272727 , 1.81818181818 , 1.72727272727 , 1.27272727273 , -1.36363636364
00414_940422_fa , 2.36363636364 , 1.72727272727 , 0.727272727273 , 3.27272727273 , -0.636363636364
00555_940519_fa , 0.818181818182 , 1.36363636364 , 1.27272727273 , 0.363636363636 , 1.72727272727
00070_940307_fa , 0.272727272727 , 2.0 , 0.636363636364 , 1.18181818182 , -1.90909090909
00915_960620_fa , 1.18181818182 , 1.90909090909 , 1.54545454545 , 2.18181818182 , -2.0
00758_941201_fa , 1.63636363636 , 1.36363636364 , 2.0 , 2.72727272727 , -1.54545454545
00467_940519_fa , -0.818181818182 , 1.09090909091 , -1.18181818182 , 0.909090909091 , -0.727272727273
00900_960530_fa , -0.363636363636 , 1.36363636364 , -1.81818181818 , -0.454545454545 , 0.0
00205_940128_fa , 1.27272727273 , 2.0 , -0.181818181818 , 1.63636363636 , -0.363636363636
00822_940307_fa , -0.636363636364 , 2.27272727273 , -1.63636363636 , -2.27272727273 , -0.545454545455
00927_960627_fa , 0.0909090909091 , 2.27272727273 , 1.63636363636 , 2.27272727273 , -1.90909090909
00933_960627_fa , 0.181818181818 , 1.81818181818 , -1.90909090909 , 1.36363636364 , 0.0909090909091
00410_940422_fa , 2.18181818182 , 2.36363636364 , 2.63636363636 , 2.36363636364 , -2.0
00796_941205_fa , -0.636363636364 , 2.81818181818 , -1.09090909091 , -0.272727272727 , -1.27272727273
00581_940928_fa , 2.09090909091 , 1.54545454545 , 1.81818181818 , 1.09090909091 , -2.27272727273
00687_941121_fa , 1.90909090909 , 2.09090909091 , 2.09090909091 , 3.0 , -1.90909090909
00647_941031_fa , 1.18181818182 , 1.45454545455 , -1.0 , -0.181818181818 , 0.818181818182
00809_941205_fa , -0.272727272727 , 2.90909090909 , -1.18181818182 , 1.0 , -2.0
00849_940307_fa_a , 1.18181818182 , 1.45454545455 , -0.545454545455 , 0.363636363636 , -0.818181818182
00893_960530_fa , 0.0 , 2.36363636364 , -1.18181818182 , 0.181818181818 , -0.363636363636
00484_940519_fa , -1.45454545455 , 0.727272727273 , -1.27272727273 , 0.272727272727 , -0.272727272727
00366_940422_fa , -0.727272727273 , 1.27272727273 , -0.727272727273 , -1.54545454545 , 0.0
00889_960530_fa , 1.81818181818 , 1.90909090909 , -0.545454545455 , 0.363636363636 , 0.0
00921_960627_fa , 0.727272727273 , 2.72727272727 , -0.818181818182 , -0.454545454545 , -1.72727272727
00942_960627_fa , 0.0909090909091 , 1.81818181818 , -0.454545454545 , 1.63636363636 , -1.54545454545
00818_940307_fa , 0.818181818182 , 1.18181818182 , 1.0 , 1.81818181818 , -1.45454545455
00365_940422_fa , 0.909090909091 , 0.909090909091 , 2.36363636364 , 2.54545454545 , 0.181818181818
00381_940422_fa , 2.27272727273 , 2.09090909091 , 2.36363636364 , 2.36363636364 , -1.72727272727
00675_941121_fa , -0.0909090909091 , 1.81818181818 , -2.45454545455 , -0.363636363636 , 0.909090909091
00161_931230_fa_a , 0.454545454545 , 2.63636363636 , 0.727272727273 , 2.27272727273 , 0.0
00940_960627_fa , -0.272727272727 , -1.72727272727 , 0.363636363636 , 0.636363636364 , 0.363636363636
00429_940422_fa , 1.90909090909 , 2.90909090909 , 1.09090909091 , 2.18181818182 , -1.45454545455
00217_940128_fa_a , -0.272727272727 , 0.818181818182 , -1.90909090909 , 0.181818181818 , 0.454545454545
00783_941205_fa , -1.0 , 1.63636363636 , -1.90909090909 , -0.363636363636 , 0.454545454545
00644_941031_fa , 1.54545454545 , 2.45454545455 , -0.727272727273 , 1.0 , -1.0
00444_940422_fa , 0.181818181818 , 1.18181818182 , 1.54545454545 , 2.81818181818 , -1.54545454545
00995_960627_fa , -0.363636363636 , 0.181818181818 , -0.909090909091 , -0.636363636364 , -0.272727272727
00476_940519_fa , -1.0 , -0.272727272727 , -2.27272727273 , -1.36363636364 , 2.36363636364
00146_941201_fa , 0.363636363636 , 2.72727272727 , 1.27272727273 , 2.45454545455 , -2.63636363636
00528_940519_fa , 0.636363636364 , 1.0 , 3.36363636364 , 2.45454545455 , -2.81818181818
00328_940422_fa , -0.454545454545 , -0.818181818182 , 0.0909090909091 , -0.636363636364 , 0.181818181818
00780_960530_fa , 1.81818181818 , 2.09090909091 , 2.81818181818 , 2.81818181818 , -2.27272727273
00728_941205_fa , -0.545454545455 , 1.27272727273 , -1.0 , -0.545454545455 , -1.0
00185_940128_fa , 0.818181818182 , 2.0 , 1.81818181818 , 1.27272727273 , -1.90909090909
00531_940519_fa , 0.545454545455 , 3.27272727273 , 1.27272727273 , 1.18181818182 , -2.72727272727
00363_940422_fa , -0.181818181818 , -0.0909090909091 , 1.0 , 0.363636363636 , -1.54545454545
00622_941121_fa , 0.0 , 0.363636363636 , 0.272727272727 , 1.72727272727 , 0.454545454545
00140_941121_fa , -1.63636363636 , 0.909090909091 , -1.72727272727 , -1.54545454545 , -0.181818181818
00568_941031_fa , 0.545454545455 , 1.0 , -2.0 , -1.0 , 0.545454545455
00324_940422_fa , -1.0 , -0.727272727273 , -1.36363636364 , -0.727272727273 , 1.09090909091
00713_941201_fa , 1.09090909091 , 1.27272727273 , -1.36363636364 , -0.636363636364 , -1.81818181818
00493_940519_fa , 1.09090909091 , 0.818181818182 , 2.81818181818 , 2.54545454545 , -2.45454545455
00752_941201_fa , 0.0 , 1.09090909091 , -1.0 , 1.81818181818 , 0.909090909091
00251_940128_fa , -0.636363636364 , 0.0909090909091 , -2.36363636364 , -1.0 , 1.72727272727
00292_940422_fa , 1.18181818182 , 0.909090909091 , -1.45454545455 , -0.181818181818 , 2.36363636364
00128_931230_fa_a , 0.818181818182 , 0.545454545455 , -0.363636363636 , 1.63636363636 , 0.0
00236_940128_fa_a , -0.363636363636 , 0.727272727273 , -0.363636363636 , 1.63636363636 , -0.454545454545
00735_941205_fa , 0.272727272727 , 1.72727272727 , -0.909090909091 , -0.181818181818 , -1.0
00457_940422_fa , 1.0 , 0.727272727273 , -0.363636363636 , 1.90909090909 , -0.454545454545
00564_940928_fa , 2.0 , 2.09090909091 , 0.272727272727 , 0.818181818182 , -2.0
00416_940422_fa , 1.63636363636 , 2.09090909091 , 0.727272727273 , 1.72727272727 , -1.81818181818
00966_960627_fa , -0.545454545455 , 2.45454545455 , -2.36363636364 , -0.727272727273 , 1.63636363636
00214_940128_fa , -0.0909090909091 , 0.727272727273 , 0.0 , -0.272727272727 , -1.36363636364
00989_960627_fa , -1.0 , -0.818181818182 , -0.272727272727 , -0.272727272727 , -0.909090909091
00830_940307_fa , 1.63636363636 , 1.18181818182 , 1.81818181818 , 2.27272727273 , -1.27272727273
00855_940307_fa , -1.18181818182 , -1.54545454545 , -1.36363636364 , -2.09090909091 , -0.363636363636
00985_960627_fa , -1.72727272727 , -0.545454545455 , -1.54545454545 , -1.72727272727 , -0.363636363636
00055_931230_fa_a , 0.909090909091 , 2.81818181818 , -1.45454545455 , 1.45454545455 , 0.181818181818
00718_941205_fa , 0.0909090909091 , 0.272727272727 , -0.272727272727 , 1.81818181818 , -1.18181818182
00421_940422_fa , 1.45454545455 , 0.636363636364 , 3.18181818182 , 0.181818181818 , -0.909090909091
00282_940422_fa , 1.45454545455 , 1.54545454545 , 0.454545454545 , 0.545454545455 , -2.18181818182
00716_941201_fa , -1.09090909091 , 2.18181818182 , -1.45454545455 , -0.727272727273 , -0.636363636364
00298_940422_fa , -0.0909090909091 , -0.0909090909091 , 1.45454545455 , 2.27272727273 , -1.63636363636
00325_940422_fa , 1.27272727273 , 1.45454545455 , 1.81818181818 , 2.54545454545 , -0.818181818182
00486_940519_fa , -0.272727272727 , 2.18181818182 , 1.18181818182 , 0.818181818182 , -1.0
00671_941121_fa , -1.27272727273 , -1.81818181818 , -0.272727272727 , -2.36363636364 , 0.363636363636
00422_940422_fa , 0.181818181818 , 0.0 , 0.363636363636 , 0.181818181818 , -0.727272727273
00224_940128_fa , 1.63636363636 , 0.727272727273 , -1.27272727273 , 0.181818181818 , 0.818181818182
00663_941121_fa , 0.272727272727 , 1.0 , -0.181818181818 , -0.909090909091 , -0.545454545455
00711_941205_fa , -1.81818181818 , 1.09090909091 , -0.909090909091 , -1.0 , -1.0
00726_941201_fa , -1.18181818182 , 1.54545454545 , -1.63636363636 , -0.272727272727 , -0.0909090909091
00723_941201_fa , 0.454545454545 , 1.0 , 2.72727272727 , 2.54545454545 , -2.45454545455
00361_940422_fa , 0.909090909091 , -0.636363636364 , 2.45454545455 , 2.0 , -2.36363636364
00462_940422_fa , -1.09090909091 , -1.36363636364 , -1.0 , -2.09090909091 , -0.181818181818
00559_940519_fa , 0.363636363636 , 1.72727272727 , -1.81818181818 , 1.09090909091 , 2.45454545455
00593_941031_fa , -0.454545454545 , 0.545454545455 , -0.272727272727 , -0.181818181818 , 0.181818181818
00569_940928_fa , 0.181818181818 , 1.27272727273 , -1.54545454545 , -0.272727272727 , 1.0
00611_940928_fa , 1.45454545455 , 2.90909090909 , 0.636363636364 , 2.09090909091 , -1.81818181818
00502_940519_fa , -1.09090909091 , 3.0 , -2.18181818182 , -1.18181818182 , -1.0
00574_940928_fa , 1.18181818182 , 0.909090909091 , -0.454545454545 , 1.0 , 2.0
00878_960530_fa , 0.272727272727 , 0.727272727273 , -1.63636363636 , 0.454545454545 , 1.81818181818
00544_940519_fa , 0.545454545455 , 1.36363636364 , 1.63636363636 , 3.18181818182 , -2.18181818182
00424_940422_fa , 0.545454545455 , 1.45454545455 , -2.36363636364 , 0.454545454545 , 1.90909090909
00302_940422_fa , 1.36363636364 , 1.90909090909 , 0.818181818182 , 1.18181818182 , -0.818181818182
00162_940128_fa , -0.0909090909091 , 2.0 , -0.454545454545 , 1.0 , -1.72727272727
00913_960530_fa , 0.363636363636 , 2.09090909091 , 0.0 , 2.18181818182 , -1.18181818182
00342_940422_fa , 0.454545454545 , 1.27272727273 , -1.0 , -1.0 , -0.363636363636
00648_941031_fa , 0.454545454545 , 2.45454545455 , -1.09090909091 , 1.81818181818 , -0.727272727273
00922_960627_fa , 0.0 , 2.54545454545 , 0.909090909091 , 1.54545454545 , -1.63636363636
00435_940422_fa , 0.272727272727 , -0.727272727273 , -0.0909090909091 , -1.36363636364 , -0.272727272727
00237_940128_fa , -1.18181818182 , -0.909090909091 , -1.27272727273 , -2.18181818182 , 0.0
00431_940422_fa , 2.0 , 1.72727272727 , -0.181818181818 , 1.0 , -1.27272727273
00375_940422_fa , 1.54545454545 , 2.09090909091 , 0.545454545455 , 1.81818181818 , -1.81818181818
01006_960627_fa , -1.72727272727 , 0.272727272727 , 0.272727272727 , -0.727272727273 , -0.272727272727
00204_940128_fa_a , -0.636363636364 , 2.36363636364 , -2.54545454545 , -0.636363636364 , 1.63636363636
00951_960627_fa , 1.09090909091 , 0.0 , 1.36363636364 , 0.272727272727 , -1.63636363636
00981_960627_fa , 0.909090909091 , 2.18181818182 , 2.45454545455 , 1.72727272727 , -2.63636363636
00790_941205_fa , -1.72727272727 , 0.818181818182 , -2.54545454545 , -2.36363636364 , -0.727272727273
00842_940307_fa , 1.72727272727 , 2.63636363636 , -0.363636363636 , 2.63636363636 , -0.181818181818
00757_941201_fa , -1.90909090909 , 1.45454545455 , -1.54545454545 , -1.45454545455 , 2.18181818182
00969_960627_fa , -0.272727272727 , 2.0 , -1.81818181818 , -1.09090909091 , 1.27272727273
00861_940307_fa , 0.363636363636 , 0.636363636364 , 1.27272727273 , 1.0 , -1.09090909091
00891_960530_fa , -1.63636363636 , 2.0 , -1.81818181818 , 0.363636363636 , 1.36363636364
00944_960627_fa , -0.272727272727 , 1.90909090909 , 0.363636363636 , -1.54545454545 , -1.09090909091
00856_940307_fa , -0.272727272727 , 1.81818181818 , -2.0 , -0.363636363636 , -0.363636363636
00270_940422_fa , 2.36363636364 , 1.81818181818 , 3.0 , 2.45454545455 , -2.18181818182
00646_941031_fa , 0.636363636364 , -0.363636363636 , -0.636363636364 , -0.363636363636 , -0.272727272727
00604_940928_fa , -0.909090909091 , -0.272727272727 , -0.636363636364 , 1.36363636364 , 0.272727272727
00620_940928_fa , -0.454545454545 , 2.54545454545 , -2.09090909091 , -1.45454545455 , -0.272727272727
00727_941205_fa , 0.0 , 1.45454545455 , -1.09090909091 , 0.545454545455 , -0.272727272727
00187_940128_fa_a , 0.454545454545 , 1.63636363636 , -1.45454545455 , -0.545454545455 , -0.545454545455
00343_940422_fa , 0.181818181818 , 1.18181818182 , -1.54545454545 , -2.81818181818 , 0.363636363636
00662_941121_fa , -0.181818181818 , 0.909090909091 , 0.0909090909091 , -0.818181818182 , -0.0909090909091
00220_940128_fa , -0.727272727273 , 2.45454545455 , -1.72727272727 , -0.454545454545 , 0.181818181818
00630_941121_fa , 1.54545454545 , 2.54545454545 , -1.27272727273 , 0.636363636364 , -1.36363636364
00943_960627_fa , -0.727272727273 , 2.0 , -2.18181818182 , -0.636363636364 , 0.727272727273
00385_940422_fa , 1.36363636364 , 0.727272727273 , 1.09090909091 , 2.09090909091 , -0.818181818182
00680_941121_fa , 0.0 , 0.636363636364 , 0.636363636364 , 0.727272727273 , -1.54545454545
00551_940519_fa , -1.81818181818 , 0.0 , -0.0909090909091 , 0.0909090909091 , 0.181818181818
00200_940128_fa , 1.36363636364 , 2.18181818182 , 0.363636363636 , 2.0 , -2.09090909091
01008_960627_fa , -0.454545454545 , 0.272727272727 , -0.909090909091 , -1.09090909091 , 0.0
00600_941121_fa , -0.636363636364 , 1.81818181818 , -2.81818181818 , -0.272727272727 , 0.545454545455
00303_940422_fa , 1.63636363636 , -1.09090909091 , 0.818181818182 , 0.363636363636 , 0.181818181818
00744_941201_fa , -0.727272727273 , 2.54545454545 , -1.90909090909 , -1.09090909091 , 1.09090909091
00579_941031_fa , -0.727272727273 , 1.09090909091 , -1.90909090909 , -0.636363636364 , 0.545454545455
00612_940928_fa , 0.545454545455 , 0.636363636364 , -0.545454545455 , 0.454545454545 , 1.09090909091
00632_940928_fa , 1.54545454545 , 1.81818181818 , 0.727272727273 , 2.36363636364 , -2.0
00364_940422_fa , -0.272727272727 , 0.181818181818 , 0.636363636364 , 0.818181818182 , -2.0
00340_940422_fa , -1.54545454545 , -1.72727272727 , -1.63636363636 , -2.72727272727 , 0.909090909091
00724_941201_fa , -0.545454545455 , 2.18181818182 , -1.72727272727 , 0.636363636364 , -0.636363636364
00964_960627_fa , 0.0909090909091 , -0.181818181818 , 2.63636363636 , 3.18181818182 , -2.36363636364
00558_940519_fa , 0.636363636364 , 2.09090909091 , 0.0 , 1.27272727273 , -2.63636363636
00280_940422_fa , 1.45454545455 , 1.54545454545 , 2.54545454545 , 2.0 , -2.0
00441_940422_fa , 2.27272727273 , 2.0 , 2.27272727273 , 2.36363636364 , -2.18181818182
00820_940307_fa , 1.0 , 2.36363636364 , 1.18181818182 , 2.72727272727 , -1.63636363636
00587_940928_fa , -0.636363636364 , 0.727272727273 , -0.181818181818 , -1.36363636364 , -0.181818181818
00591_940928_fa , -0.636363636364 , -1.27272727273 , -1.45454545455 , 0.272727272727 , 1.09090909091
00266_940128_fa , 1.0 , 1.0 , 0.727272727273 , 1.36363636364 , -0.727272727273
00221_940128_fa , 2.18181818182 , 1.72727272727 , -0.545454545455 , -0.181818181818 , -0.818181818182
00401_940422_fa , 1.45454545455 , 2.0 , 1.63636363636 , 2.36363636364 , -2.09090909091
00750_941205_fa , 0.0909090909091 , 1.45454545455 , -1.36363636364 , -0.727272727273 , 1.36363636364
00283_940307_fa , 2.09090909091 , 2.27272727273 , 0.272727272727 , 1.18181818182 , -1.36363636364
00627_941031_fa , -0.363636363636 , 1.09090909091 , -1.09090909091 , -1.18181818182 , -0.181818181818
00418_940422_fa , 1.63636363636 , 1.90909090909 , 2.09090909091 , 2.09090909091 , -1.54545454545
00819_940307_fa , -0.545454545455 , -0.272727272727 , 1.81818181818 , 0.818181818182 , -1.81818181818
00873_940307_fa , 1.36363636364 , 1.45454545455 , 2.63636363636 , 2.45454545455 , 0.636363636364
00368_940422_fa_a , -0.545454545455 , 2.81818181818 , -1.63636363636 , -0.0909090909091 , -1.18181818182
00909_960530_fa , -0.363636363636 , 2.45454545455 , -0.0909090909091 , 1.81818181818 , -1.54545454545
00771_941201_fa , -0.0909090909091 , 2.72727272727 , -0.363636363636 , -0.0909090909091 , -1.09090909091
00351_940422_fa , 1.72727272727 , 2.18181818182 , 2.45454545455 , 2.18181818182 , -1.90909090909
00636_941031_fa , -0.454545454545 , 1.18181818182 , -1.90909090909 , -1.90909090909 , 0.454545454545
00597_940928_fa , 0.818181818182 , 2.18181818182 , -1.36363636364 , -1.36363636364 , -0.909090909091
00787_941205_fa , 0.0909090909091 , 3.09090909091 , -2.09090909091 , 0.181818181818 , 0.0909090909091
00294_940422_fa , 1.81818181818 , 2.09090909091 , 0.636363636364 , 2.45454545455 , -1.0
00472_940519_fa , 1.09090909091 , 1.72727272727 , 2.36363636364 , 0.636363636364 , -2.18181818182
00903_960530_fa , 0.181818181818 , 1.72727272727 , -0.818181818182 , 0.272727272727 , -0.454545454545
00327_940422_fa , 1.09090909091 , 1.81818181818 , 1.27272727273 , 1.45454545455 , -2.72727272727
00393_940422_fa , -1.09090909091 , -1.18181818182 , -0.909090909091 , -0.727272727273 , 1.36363636364
00297_940422_fa , -0.0909090909091 , -0.272727272727 , -1.27272727273 , 0.909090909091 , 1.90909090909
00552_940519_fa , 0.0 , 0.727272727273 , 1.72727272727 , 1.81818181818 , -2.18181818182
00459_940422_fa , 1.72727272727 , 1.81818181818 , 2.54545454545 , 2.0 , -2.27272727273
00606_940928_fa , 1.72727272727 , 1.54545454545 , 2.45454545455 , 2.54545454545 , -1.18181818182
00669_941121_fa , 0.0909090909091 , 1.90909090909 , -1.45454545455 , -0.727272727273 , 0.272727272727
00839_940307_fa , 0.818181818182 , 1.0 , 2.27272727273 , 1.09090909091 , -2.09090909091
00412_940422_fa , 0.545454545455 , 1.36363636364 , -0.818181818182 , 1.45454545455 , 1.72727272727
00400_940422_fa , 0.818181818182 , 1.18181818182 , 0.909090909091 , 1.81818181818 , -1.36363636364
00930_960627_fa , -1.0 , 1.18181818182 , -1.72727272727 , -1.81818181818 , -0.636363636364
00313_940422_fa , 1.36363636364 , 1.63636363636 , -0.0909090909091 , 1.54545454545 , -0.454545454545
00700_941121_fa , 1.63636363636 , 1.36363636364 , 1.0 , 2.27272727273 , -0.545454545455
00520_940519_fa , 0.0909090909091 , 1.54545454545 , 1.81818181818 , 1.0 , -1.0
00919_960620_fa , -0.818181818182 , 1.90909090909 , 0.0909090909091 , 0.0909090909091 , -0.909090909091
00526_940519_fa , 1.0 , 2.63636363636 , 2.54545454545 , 2.63636363636 , -2.54545454545
00901_960530_fa , 0.181818181818 , 1.81818181818 , 0.0909090909091 , 0.727272727273 , -1.09090909091
00448_940422_fa , 0.727272727273 , 0.727272727273 , 2.72727272727 , 2.81818181818 , -1.45454545455
00440_940422_fa , 2.54545454545 , 1.81818181818 , 1.90909090909 , 2.63636363636 , -2.09090909091
00973_960627_fa , -0.545454545455 , 2.90909090909 , -2.27272727273 , -0.727272727273 , -0.0909090909091
00628_940928_fa , 1.09090909091 , 0.909090909091 , 1.72727272727 , 1.54545454545 , -2.18181818182
00993_960627_fa , 0.0 , 2.72727272727 , -2.63636363636 , -1.63636363636 , 0.636363636364
00547_940519_fa , 0.545454545455 , 1.18181818182 , 2.72727272727 , 2.09090909091 , 0.181818181818
00764_941201_fa , 0.363636363636 , 0.181818181818 , -0.818181818182 , -0.636363636364 , -0.363636363636
00423_940422_fa , -0.909090909091 , -0.727272727273 , -1.36363636364 , -1.54545454545 , 1.72727272727
00825_940307_fa , 2.09090909091 , 2.0 , 0.727272727273 , 1.09090909091 , -0.909090909091
00608_940928_fa , 1.0 , 1.90909090909 , 1.36363636364 , 1.0 , -1.27272727273
00485_940519_fa , 1.63636363636 , 1.63636363636 , 2.54545454545 , 2.54545454545 , -1.36363636364
00948_960627_fa , -0.272727272727 , 0.181818181818 , 2.36363636364 , 1.18181818182 , -2.18181818182
00874_940307_fa , -0.454545454545 , 0.636363636364 , -0.727272727273 , -0.454545454545 , 0.272727272727
00482_940519_fa , 0.454545454545 , 2.90909090909 , -0.727272727273 , -1.27272727273 , -1.81818181818
00729_941205_fa , -0.181818181818 , 3.0 , 0.0909090909091 , 0.818181818182 , -2.09090909091
00301_940422_fa , -1.27272727273 , -2.36363636364 , 0.909090909091 , -0.545454545455 , -0.727272727273
00760_941201_fa , 0.909090909091 , 2.36363636364 , 2.09090909091 , 1.90909090909 , -2.09090909091
00776_941205_fa , 0.272727272727 , 0.272727272727 , -0.454545454545 , 0.0909090909091 , 0.454545454545
00495_940519_fa , 0.0 , 0.0909090909091 , -0.545454545455 , -0.181818181818 , 0.545454545455
00316_940422_fa , 1.54545454545 , 1.36363636364 , 0.545454545455 , 1.36363636364 , -0.818181818182
00596_940928_fa , 0.545454545455 , 2.72727272727 , -1.72727272727 , 0.545454545455 , -0.636363636364
00432_940422_fa , 0.636363636364 , 1.54545454545 , 2.90909090909 , 2.27272727273 , -1.36363636364
00264_940128_fa , 0.272727272727 , -1.0 , -0.181818181818 , -0.636363636364 , 0.0909090909091
00582_940928_fa , -1.18181818182 , 0.0 , 0.272727272727 , 0.545454545455 , -1.81818181818
00737_941201_fa , -0.545454545455 , 1.63636363636 , -1.72727272727 , -0.181818181818 , -0.181818181818
00310_940422_fa , -1.0 , 0.727272727273 , -1.81818181818 , -0.181818181818 , 1.45454545455
00953_960627_fa , 1.36363636364 , 0.909090909091 , 0.545454545455 , 1.90909090909 , -1.72727272727
00925_960627_fa , -0.454545454545 , 0.727272727273 , 0.363636363636 , 1.27272727273 , 0.363636363636
00640_941031_fa , -0.727272727273 , 0.909090909091 , -1.27272727273 , 0.0909090909091 , -0.181818181818
00588_941121_fa , 1.0 , 1.90909090909 , 1.27272727273 , 2.0 , -1.0
00373_940422_fa , 1.90909090909 , 0.909090909091 , -0.181818181818 , 0.181818181818 , -1.36363636364
00899_960530_fa , -0.727272727273 , 0.636363636364 , -0.272727272727 , 1.45454545455 , -0.636363636364
00318_940422_fa , 0.545454545455 , 0.636363636364 , 2.81818181818 , 2.63636363636 , -1.81818181818
00341_940422_fa , 1.09090909091 , 1.09090909091 , -1.18181818182 , -0.909090909091 , -0.727272727273
00868_940307_fa , 0.272727272727 , 1.63636363636 , -0.181818181818 , 0.0 , -1.0
